Field,ID,Type,default,en-us,ar-sa,zh-cn,cs-cz,da-dk,nl-nl,fi-fi,fr-fr,de-de,el-gr,he-il,hi-in,hu-hu,id-id,it-it,ja-jp,ko-kr,nb-no,pl-pl,pt-br,ro-ro,ru-ru,es-es,sw-ke,sv-se,th-th,tr-tr,uk-ua,vi-vn
ProductName,1,Text,FanFolder,FanFolder,FanFolder,FanFolder,FanFolder,FanFolder,FanFolder,FanFolder,FanFolder,FanFolder,FanFolder,FanFolder,FanFolder,FanFolder,FanFolder,FanFolder,FanFolder,FanFolder,FanFolder,FanFolder,FanFolder,FanFolder,FanFolder,FanFolder,FanFolder,FanFolder,FanFolder,FanFolder,FanFolder,FanFolder
Description,2,Text,"FanFolder is a lightweight Windows taskbar utility that gives you one-click access to the files you are working with. Click the FanFolder icon on the taskbar and your recent files appear in an animated fan menu. For a normal folder, FanFolder prioritizes the most recently modified items; the default Recent Documents source uses Windows recent-document history.

Choose any local folder, including folders synchronized with OneDrive, Dropbox, or Google Drive. Open an item with one click, drag it to another application, or right-click it to use the standard Windows Shell context menu.

Choose from five animation styles: Fan, Glide, Spring, Fade, or None. Configure the folder, sort order, number of items, filename filter, folder visibility, and file-extension display.

FanFolder uses native Win32/C++ technology, Windows Shell integration, and per-user settings. It has no runtime dependencies, no account requirement, and no network connection is required for normal operation. Installation is per-user and does not require administrator rights.

FanFolder is free for personal and commercial use. It supports Windows 10 version 2004 or later and Windows 11 on x64 and ARM64.","FanFolder is a lightweight Windows taskbar utility that gives you one-click access to the files you are working with. Click the FanFolder icon on the taskbar and your recent files appear in an animated fan menu. For a normal folder, FanFolder prioritizes the most recently modified items; the default Recent Documents source uses Windows recent-document history.

Choose any local folder, including folders synchronized with OneDrive, Dropbox, or Google Drive. Open an item with one click, drag it to another application, or right-click it to use the standard Windows Shell context menu.

Choose from five animation styles: Fan, Glide, Spring, Fade, or None. Configure the folder, sort order, number of items, filename filter, folder visibility, and file-extension display.

FanFolder uses native Win32/C++ technology, Windows Shell integration, and per-user settings. It has no runtime dependencies, no account requirement, and no network connection is required for normal operation. Installation is per-user and does not require administrator rights.

FanFolder is free for personal and commercial use. It supports Windows 10 version 2004 or later and Windows 11 on x64 and ARM64.","FanFolder عبارة عن أداة مساعدة خفيفة الوزن لشريط مهام Windows تتيح لك الوصول بنقرة واحدة إلى الملفات التي تعمل معها. انقر فوق أيقونة FanFolder الموجودة على شريط المهام وستظهر ملفاتك الحديثة في قائمة المعجبين المتحركة. بالنسبة للمجلد العادي، يقوم FanFolder بإعطاء الأولوية للعناصر التي تم تعديلها مؤخرًا؛ يستخدم مصدر المستندات الحديثة الافتراضي محفوظات المستندات الحديثة لنظام التشغيل Windows.

اختر أي مجلد محلي، بما في ذلك المجلدات التي تمت مزامنتها مع OneDrive أو Dropbox أو Google Drive. افتح عنصرًا بنقرة واحدة، أو اسحبه إلى تطبيق آخر، أو انقر بزر الماوس الأيمن فوقه لاستخدام قائمة سياق Windows Shell القياسية.

اختر من بين خمسة أنماط للرسوم المتحركة: Fan، أو Glide، أو Spring، أو Fade، أو لا شيء. قم بتكوين المجلد وترتيب الفرز وعدد العناصر ومرشح اسم الملف ورؤية المجلد وعرض امتداد الملف.

يستخدم FanFolder تقنية Win32/C++ الأصلية وتكامل Windows Shell وإعدادات كل مستخدم. ليس لديه أي تبعيات وقت التشغيل، ولا يتطلب حسابًا، ولا يلزم الاتصال بالشبكة للتشغيل العادي. يتم التثبيت لكل مستخدم ولا يتطلب حقوق المسؤول.

FanFolder مجاني للاستخدام الشخصي والتجاري. وهو يدعم Windows 10 الإصدار 2004 أو الأحدث وWindows 11 على x64 وARM64.","FanFolder 是一款轻量级 Windows 任务栏实用程序，可让您一键访问正在使用的文件。单击任务栏上的 FanFolder 图标，您最近使用的文件将显示在动画风扇菜单中。对于普通文件夹，FanFolder 会优先考虑最近修改的项目；默认的“最近文档”源使用 Windows 最近文档历史记录。

选择任何本地文件夹，包括与 OneDrive、Dropbox 或 Google Drive 同步的文件夹。一键打开一个项目，将其拖动到另一个应用程序，或右键单击它以使用标准 Windows Shell 上下文菜单。

从五种动画样式中进行选择：扇形、滑动、弹簧、淡入淡出或无。配置文件夹、排序顺序、项目数、文件名过滤器、文件夹可见性和文件扩展名显示。

FanFolder 使用本机 Win32/C++ 技术、Windows Shell 集成和每用户设置。它没有运行时依赖性，没有帐户要求，并且正常运行不需要网络连接。安装是按用户进行的，不需要管理员权限。

FanFolder 可免费供个人和商业用途。它支持 Windows 10 版本 2004 或更高版本以及 x64 和 ARM64 上的 Windows 11。","FanFolder je lehký nástroj na hlavním panelu systému Windows, který vám poskytuje přístup k souborům, se kterými pracujete, jedním kliknutím. Klikněte na ikonu FanFolder na hlavním panelu a vaše poslední soubory se zobrazí v animované nabídce fanoušků. Pro normální složku FanFolder upřednostňuje naposledy upravené položky; výchozí zdroj Poslední dokumenty používá historii posledních dokumentů systému Windows.

Vyberte libovolnou místní složku, včetně složek synchronizovaných s OneDrive, Dropbox nebo Google Drive. Otevřete položku jedním kliknutím, přetáhněte ji do jiné aplikace nebo na ni klikněte pravým tlačítkem a použijte standardní kontextovou nabídku prostředí Windows.

Vyberte si z pěti stylů animace: Fan, Glide, Spring, Fade nebo None. Nakonfigurujte složku, pořadí řazení, počet položek, filtr názvu souboru, viditelnost složky a zobrazení přípony souboru.

FanFolder využívá nativní technologii Win32/C++, integraci Windows Shell a nastavení pro jednotlivé uživatele. Nemá žádné závislosti na běhovém prostředí, nevyžaduje účet a pro normální provoz není vyžadováno žádné síťové připojení. Instalace je pro uživatele a nevyžaduje administrátorská práva.

FanFolder je zdarma pro osobní i komerční použití. Podporuje Windows 10 verze 2004 nebo novější a Windows 11 na x64 a ARM64.","FanFolder er et letvægts Windows proceslinjeværktøj, der giver dig adgang med et enkelt klik til de filer, du arbejder med. Klik på FanFolder-ikonet på proceslinjen, og dine seneste filer vises i en animeret fanmenu. For en normal mappe prioriterer FanFolder de senest ændrede elementer; standardkilden for seneste dokumenter bruger Windows seneste dokumenthistorik.

Vælg en hvilken som helst lokal mappe, inklusive mapper synkroniseret med OneDrive, Dropbox eller Google Drive. Åbn et element med ét klik, træk det til et andet program, eller højreklik på det for at bruge standard Windows Shell-kontekstmenuen.

Vælg mellem fem animationsstile: Fan, Glide, Spring, Fade eller Ingen. Konfigurer mappen, sorteringsrækkefølgen, antallet af elementer, filnavnsfilter, mappesynlighed og filudvidelsesvisning.

FanFolder bruger indbygget Win32/C++-teknologi, Windows Shell-integration og per-brugerindstillinger. Den har ingen runtime-afhængigheder, ingen kontokrav, og der kræves ingen netværksforbindelse til normal drift. Installationen er pr. bruger og kræver ikke administratorrettigheder.

FanFolder er gratis til personlig og kommerciel brug. Det understøtter Windows 10 version 2004 eller nyere og Windows 11 på x64 og ARM64.","FanFolder is een lichtgewicht Windows-taakbalkhulpprogramma waarmee u met één klik toegang krijgt tot de bestanden waarmee u werkt. Klik op het FanFolder-pictogram op de taakbalk en uw recente bestanden verschijnen in een geanimeerd waaiermenu. Voor een normale map geeft FanFolder prioriteit aan de meest recent gewijzigde items; de standaardbron voor recente documenten gebruikt de recente documentgeschiedenis van Windows.

Kies een lokale map, inclusief mappen die zijn gesynchroniseerd met OneDrive, Dropbox of Google Drive. Open een item met één klik, sleep het naar een andere toepassing of klik er met de rechtermuisknop op om het standaard Windows Shell-contextmenu te gebruiken.

Kies uit vijf animatiestijlen: Waaier, Glijden, Lente, Vervagen of Geen. Configureer de map, sorteervolgorde, aantal items, bestandsnaamfilter, mapzichtbaarheid en weergave van bestandsextensies.

FanFolder maakt gebruik van native Win32/C++-technologie, Windows Shell-integratie en instellingen per gebruiker. Het heeft geen runtime-afhankelijkheden, geen accountvereisten en er is geen netwerkverbinding vereist voor normale werking. De installatie gebeurt per gebruiker en vereist geen beheerdersrechten.

FanFolder is gratis voor persoonlijk en commercieel gebruik. Het ondersteunt Windows 10 versie 2004 of hoger en Windows 11 op x64 en ARM64.","FanFolder on kevyt Windowsin tehtäväpalkin apuohjelma, jonka avulla pääset käsiksi käsittelemiisi tiedostoihin yhdellä napsautuksella. Napsauta tehtäväpalkin FanFolder-kuvaketta ja viimeisimmät tiedostosi näkyvät animoidussa fanivalikossa. Normaalissa kansiossa FanFolder priorisoi viimeksi muokatut kohteet. oletusarvoinen Viimeaikaiset asiakirjat -lähde käyttää Windowsin viimeaikaisten asiakirjojen historiaa.

Valitse mikä tahansa paikallinen kansio, mukaan lukien kansiot, jotka on synkronoitu OneDriven, Dropboxin tai Google Driven kanssa. Avaa kohde yhdellä napsautuksella, vedä se toiseen sovellukseen tai napsauta sitä hiiren kakkospainikkeella käyttääksesi tavallista Windows Shell -kontekstivalikkoa.

Valitse viidestä animaatiotyylistä: Fan, Glide, Spring, Fade tai Ei mitään. Määritä kansio, lajittelujärjestys, kohteiden lukumäärä, tiedostonimisuodatin, kansion näkyvyys ja tiedostopäätteen näyttö.

FanFolder käyttää alkuperäistä Win32/C++-tekniikkaa, Windows Shell -integraatiota ja käyttäjäkohtaisia ​​asetuksia. Sillä ei ole ajonaikaisia ​​riippuvuuksia, tilivaatimusta, eikä normaaliin toimintaan vaadita verkkoyhteyttä. Asennus on käyttäjäkohtainen eikä vaadi järjestelmänvalvojan oikeuksia.

FanFolder on ilmainen henkilökohtaiseen ja kaupalliseen käyttöön. Se tukee Windows 10 -versiota 2004 tai uudempaa ja Windows 11:tä x64- ja ARM64-käyttöjärjestelmässä.","FanFolder est un utilitaire léger de la barre des tâches Windows qui vous permet d'accéder en un clic aux fichiers avec lesquels vous travaillez. Cliquez sur l'icône FanFolder dans la barre des tâches et vos fichiers récents apparaissent dans un menu en éventail animé. Pour un dossier normal, FanFolder donne la priorité aux éléments les plus récemment modifiés ; la source Documents récents par défaut utilise l'historique des documents récents de Windows.

Choisissez n'importe quel dossier local, y compris les dossiers synchronisés avec OneDrive, Dropbox ou Google Drive. Ouvrez un élément en un seul clic, faites-le glisser vers une autre application ou cliquez dessus avec le bouton droit pour utiliser le menu contextuel standard de Windows Shell.

Choisissez parmi cinq styles d'animation : Éventail, Glissement, Printemps, Fondu ou Aucun. Configurez le dossier, l'ordre de tri, le nombre d'éléments, le filtre de nom de fichier, la visibilité du dossier et l'affichage de l'extension de fichier.

FanFolder utilise la technologie native Win32/C++, l'intégration de Windows Shell et les paramètres par utilisateur. Il n'a aucune dépendance d'exécution, aucune exigence de compte et aucune connexion réseau n'est requise pour un fonctionnement normal. L'installation est par utilisateur et ne nécessite pas de droits d'administrateur.

FanFolder est gratuit pour un usage personnel et commercial. Il prend en charge Windows 10 version 2004 ou ultérieure et Windows 11 sur x64 et ARM64.","FanFolder ist ein leichtes Windows-Taskleisten-Dienstprogramm, mit dem Sie mit einem Klick auf die Dateien zugreifen können, mit denen Sie arbeiten. Klicken Sie auf das FanFolder-Symbol in der Taskleiste und Ihre zuletzt verwendeten Dateien werden in einem animierten Fan-Menü angezeigt. Bei einem normalen Ordner priorisiert FanFolder die zuletzt geänderten Elemente. Die Standardquelle „Zuletzt verwendete Dokumente“ verwendet den Windows-Verlauf für zuletzt verwendete Dokumente.

Wählen Sie einen beliebigen lokalen Ordner, einschließlich der mit OneDrive, Dropbox oder Google Drive synchronisierten Ordner. Öffnen Sie ein Element mit einem Klick, ziehen Sie es in eine andere Anwendung oder klicken Sie mit der rechten Maustaste darauf, um das Standard-Windows-Shell-Kontextmenü zu verwenden.

Wählen Sie aus fünf Animationsstilen: Fächer, Gleiten, Frühling, Verblassen oder Keine. Konfigurieren Sie den Ordner, die Sortierreihenfolge, die Anzahl der Elemente, den Dateinamenfilter, die Ordnersichtbarkeit und die Anzeige der Dateierweiterung.

FanFolder nutzt native Win32/C++-Technologie, Windows Shell-Integration und benutzerspezifische Einstellungen. Es gibt keine Laufzeitabhängigkeiten, keine Kontoanforderung und für den normalen Betrieb ist keine Netzwerkverbindung erforderlich. Die Installation erfolgt pro Benutzer und erfordert keine Administratorrechte.

FanFolder ist für den persönlichen und kommerziellen Gebrauch kostenlos. Es unterstützt Windows 10 Version 2004 oder höher und Windows 11 auf x64 und ARM64.","Το FanFolder είναι ένα ελαφρύ βοηθητικό πρόγραμμα στη γραμμή εργασιών των Windows που σας δίνει πρόσβαση με ένα κλικ στα αρχεία με τα οποία εργάζεστε. Κάντε κλικ στο εικονίδιο FanFolder στη γραμμή εργασιών και τα πρόσφατα αρχεία σας εμφανίζονται σε ένα κινούμενο μενού θαυμαστών. Για έναν κανονικό φάκελο, το FanFolder δίνει προτεραιότητα στα πιο πρόσφατα τροποποιημένα στοιχεία. η προεπιλεγμένη πηγή Πρόσφατα έγγραφα χρησιμοποιεί το ιστορικό πρόσφατων εγγράφων των Windows.

Επιλέξτε οποιονδήποτε τοπικό φάκελο, συμπεριλαμβανομένων φακέλων που είναι συγχρονισμένοι με το OneDrive, το Dropbox ή το Google Drive. Ανοίξτε ένα στοιχείο με ένα κλικ, σύρετέ το σε άλλη εφαρμογή ή κάντε δεξί κλικ σε αυτό για να χρησιμοποιήσετε το τυπικό μενού περιβάλλοντος του κελύφους των Windows.

Επιλέξτε από πέντε στυλ κινουμένων σχεδίων: Fan, Glide, Spring, Fade ή None. Διαμορφώστε το φάκελο, τη σειρά ταξινόμησης, τον αριθμό των στοιχείων, το φίλτρο ονόματος αρχείου, την ορατότητα φακέλου και την εμφάνιση της επέκτασης αρχείου.

Το FanFolder χρησιμοποιεί εγγενή τεχνολογία Win32/C++, ενσωμάτωση Windows Shell και ρυθμίσεις ανά χρήστη. Δεν έχει εξαρτήσεις χρόνου εκτέλεσης, καμία απαίτηση λογαριασμού και δεν απαιτείται σύνδεση δικτύου για κανονική λειτουργία. Η εγκατάσταση είναι ανά χρήστη και δεν απαιτεί δικαιώματα διαχειριστή.

Το FanFolder είναι δωρεάν για προσωπική και εμπορική χρήση. Υποστηρίζει Windows 10 έκδοση 2004 ή μεταγενέστερη και Windows 11 σε x64 και ARM64.","FanFolder הוא כלי עזר קל משקל של שורת המשימות של Windows המעניק לך גישה בלחיצה אחת לקבצים שאתה עובד איתם. לחץ על סמל FanFolder בשורת המשימות והקבצים האחרונים שלך יופיעו בתפריט מאוורר מונפש. עבור תיקיה רגילה, FanFolder נותן עדיפות לפריטים ששונו לאחרונה; מקור ברירת המחדל של המסמכים האחרונים משתמש בהיסטוריית המסמכים האחרונים של Windows.

בחר כל תיקייה מקומית, כולל תיקיות המסונכרנות עם OneDrive, Dropbox או Google Drive. פתח פריט בלחיצה אחת, גרור אותו ליישום אחר, או לחץ עליו באמצעות לחצן העכבר הימני כדי להשתמש בתפריט ההקשר הרגיל של Windows Shell.

בחר מתוך חמישה סגנונות אנימציה: מאוורר, גלישה, קפיץ, דעיכה או ללא. הגדר את התיקיה, סדר המיון, מספר הפריטים, מסנן שם הקובץ, נראות התיקיה ותצוגת סיומת הקבצים.

FanFolder משתמש בטכנולוגיית Win32/C++ מקורית, אינטגרציה של Windows Shell והגדרות לכל משתמש. אין לו תלות בזמן ריצה, אין דרישה לחשבון, ואין צורך בחיבור רשת לפעולה רגילה. ההתקנה היא לכל משתמש ואינה דורשת זכויות מנהל.

FanFolder הוא בחינם לשימוש אישי ומסחרי. הוא תומך ב-Windows 10 גרסה 2004 ואילך וב-Windows 11 ב-x64 ו-ARM64.","फैनफ़ोल्डर एक हल्की विंडोज़ टास्कबार उपयोगिता है जो आपको उन फ़ाइलों तक एक-क्लिक पहुंच प्रदान करती है जिनके साथ आप काम कर रहे हैं। टास्कबार पर फैनफ़ोल्डर आइकन पर क्लिक करें और आपकी हाल की फ़ाइलें एनिमेटेड फैन मेनू में दिखाई देंगी। एक सामान्य फ़ोल्डर के लिए, फैनफ़ोल्डर सबसे हाल ही में संशोधित आइटम को प्राथमिकता देता है; डिफ़ॉल्ट हालिया दस्तावेज़ स्रोत विंडोज़ हालिया-दस्तावेज़ इतिहास का उपयोग करता है।

OneDrive, Dropbox, या Google Drive के साथ सिंक्रनाइज़ किए गए फ़ोल्डर सहित कोई भी स्थानीय फ़ोल्डर चुनें। किसी आइटम को एक क्लिक से खोलें, उसे किसी अन्य एप्लिकेशन पर खींचें, या मानक विंडोज शेल संदर्भ मेनू का उपयोग करने के लिए उस पर राइट-क्लिक करें।

पांच एनिमेशन शैलियों में से चुनें: फैन, ग्लाइड, स्प्रिंग, फ़ेड, या कोई नहीं। फ़ोल्डर, क्रमबद्ध क्रम, आइटमों की संख्या, फ़ाइल नाम फ़िल्टर, फ़ोल्डर दृश्यता और फ़ाइल-एक्सटेंशन डिस्प्ले कॉन्फ़िगर करें।

फैनफ़ोल्डर मूल Win32/C++ तकनीक, विंडोज़ शेल एकीकरण और प्रति-उपयोगकर्ता सेटिंग्स का उपयोग करता है। इसमें कोई रनटाइम निर्भरता नहीं है, कोई खाता आवश्यकता नहीं है, और सामान्य ऑपरेशन के लिए किसी नेटवर्क कनेक्शन की आवश्यकता नहीं है। इंस्टॉलेशन प्रति-उपयोगकर्ता है और इसके लिए व्यवस्थापक अधिकारों की आवश्यकता नहीं है।

फैनफ़ोल्डर व्यक्तिगत और व्यावसायिक उपयोग के लिए निःशुल्क है। यह Windows 10 संस्करण 2004 या बाद के संस्करण और x64 और ARM64 पर Windows 11 का समर्थन करता है।","A FanFolder egy könnyű Windows-tálcás segédprogram, amely egyetlen kattintással hozzáférést biztosít a fájlokhoz, amelyekkel dolgozik. Kattintson a FanFolder ikonra a tálcán, és a legutóbbi fájlok megjelennek egy animált rajongói menüben. Normál mappa esetén a FanFolder a legutóbb módosított elemeket részesíti előnyben; az alapértelmezett Legutóbbi dokumentumok forrás a Windows legutóbbi dokumentumelőzményeit használja.

Válasszon bármilyen helyi mappát, beleértve a OneDrive, Dropbox vagy Google Drive-val szinkronizált mappákat is. Nyisson meg egy elemet egy kattintással, húzza át egy másik alkalmazásba, vagy kattintson rá jobb gombbal a szabványos Windows Shell helyi menüjének használatához.

Válasszon öt animációs stílus közül: Fan, Glide, Spring, Fade vagy None. Konfigurálja a mappát, a rendezési sorrendet, az elemek számát, a fájlnévszűrőt, a mappa láthatóságát és a fájlkiterjesztés megjelenítését.

A FanFolder natív Win32/C++ technológiát, Windows Shell integrációt és felhasználónkénti beállításokat használ. Nincs futásidejű függősége, nincs fiókkövetelménye, és nincs szükség hálózati kapcsolatra a normál működéshez. A telepítés felhasználónként történik, és nem igényel rendszergazdai jogosultságokat.

A FanFolder személyes és kereskedelmi használatra ingyenes. Támogatja a Windows 10 2004-es vagy újabb verzióját, valamint a Windows 11-et x64-en és ARM64-en.","FanFolder adalah utilitas bilah tugas Windows ringan yang memberi Anda akses sekali klik ke file yang sedang Anda kerjakan. Klik ikon FanFolder di bilah tugas dan file terbaru Anda akan muncul di menu kipas animasi. Untuk folder normal, FanFolder memprioritaskan item yang paling baru diubah; sumber Dokumen Terbaru default menggunakan riwayat dokumen terkini Windows.

Pilih folder lokal mana pun, termasuk folder yang disinkronkan dengan OneDrive, Dropbox, atau Google Drive. Buka item dengan satu klik, seret ke aplikasi lain, atau klik kanan untuk menggunakan menu konteks standar Windows Shell.

Pilih dari lima gaya animasi: Fan, Glide, Spring, Fade, atau None. Konfigurasikan folder, urutan pengurutan, jumlah item, filter nama file, visibilitas folder, dan tampilan ekstensi file.

FanFolder menggunakan teknologi asli Win32/C++, integrasi Windows Shell, dan pengaturan per pengguna. Tidak ada ketergantungan runtime, tidak ada persyaratan akun, dan tidak diperlukan koneksi jaringan untuk pengoperasian normal. Instalasi dilakukan per pengguna dan tidak memerlukan hak administrator.

FanFolder gratis untuk penggunaan pribadi dan komersial. Ini mendukung Windows 10 versi 2004 atau lebih baru dan Windows 11 pada x64 dan ARM64.","FanFolder è un'utilità leggera della barra delle applicazioni di Windows che ti consente di accedere con un clic ai file con cui stai lavorando. Fai clic sull'icona FanFolder sulla barra delle applicazioni e i tuoi file recenti verranno visualizzati in un menu a ventaglio animato. Per una cartella normale, FanFolder dà la priorità agli elementi modificati più di recente; l'origine Documenti recenti predefinita utilizza la cronologia dei documenti recenti di Windows.

Scegli qualsiasi cartella locale, incluse le cartelle sincronizzate con OneDrive, Dropbox o Google Drive. Apri un elemento con un clic, trascinalo in un'altra applicazione o fai clic con il pulsante destro del mouse per utilizzare il menu contestuale standard della shell di Windows.

Scegli tra cinque stili di animazione: Ventaglio, Scivola, Primavera, Dissolvenza o Nessuno. Configura la cartella, l'ordinamento, il numero di elementi, il filtro del nome file, la visibilità della cartella e la visualizzazione dell'estensione del file.

FanFolder utilizza la tecnologia nativa Win32/C++, l'integrazione della shell di Windows e le impostazioni per utente. Non ha dipendenze di runtime, nessun requisito di account e non è richiesta alcuna connessione di rete per il normale funzionamento. L'installazione è per utente e non richiede diritti di amministratore.

FanFolder è gratuito per uso personale e commerciale. Supporta Windows 10 versione 2004 o successiva e Windows 11 su x64 e ARM64.","FanFolder は、作業中のファイルにワンクリックでアクセスできる軽量の Windows タスクバー ユーティリティです。タスクバーの FanFolder アイコンをクリックすると、最近使用したファイルがアニメーション化されたファン メニューに表示されます。通常のフォルダーの場合、FanFolder は最近変更されたアイテムを優先します。デフォルトの最近のドキュメント ソースは Windows の最近のドキュメント履歴を使用します。

OneDrive、Dropbox、または Google Drive と同期したフォルダーを含む、任意のローカル フォルダーを選択します。ワンクリックで項目を開いたり、別のアプリケーションにドラッグしたり、右クリックして標準の Windows シェルのコンテキスト メニューを使用したりできます。

5 つのアニメーション スタイルから選択します: ファン、グライド、スプリング、フェード、またはなし。フォルダー、並べ替え順序、項目数、ファイル名フィルター、フォルダーの表示/非表示、およびファイル拡張子の表示を構成します。

FanFolder は、ネイティブ Win32/C++ テクノロジ、Windows シェル統合、およびユーザーごとの設定を使用します。通常の操作には実行時の依存関係やアカウント要件はなく、ネットワーク接続も必要ありません。インストールはユーザーごとに行われ、管理者権限は必要ありません。

FanFolder は個人使用および商用使用ともに無料です。 Windows 10 バージョン 2004 以降と、x64 および ARM64 上の Windows 11 をサポートします。","FanFolder는 작업 중인 파일에 대한 원클릭 액세스를 제공하는 경량 Windows 작업 표시줄 유틸리티입니다. 작업 표시줄에서 FanFolder 아이콘을 클릭하면 최근 파일이 애니메이션 팬 메뉴에 나타납니다. 일반 폴더의 경우 FanFolder는 가장 최근에 수정된 항목의 우선순위를 지정합니다. 기본 최근 문서 소스는 Windows 최근 문서 기록을 사용합니다.

OneDrive, Dropbox 또는 Google Drive와 동기화된 폴더를 포함하여 로컬 폴더를 선택하세요. 한 번의 클릭으로 항목을 열고, 항목을 다른 응용 프로그램으로 끌거나, 항목을 마우스 오른쪽 버튼으로 클릭하여 표준 Windows 셸 상황에 맞는 메뉴를 사용할 수 있습니다.

팬(Fan), 글라이드(Glide), 스프링(Spring), 페이드(Fade), 없음(None) 등 5가지 애니메이션 스타일 중에서 선택하세요. 폴더, 정렬 순서, 항목 수, 파일 이름 필터, 폴더 표시 및 파일 확장자 표시를 구성합니다.

FanFolder는 기본 Win32/C++ 기술, Windows Shell 통합 및 사용자별 설정을 사용합니다. 런타임 종속성이 없고 계정 요구 사항이 없으며 정상적인 작동을 위해 네트워크 연결이 필요하지 않습니다. 설치는 사용자별로 이루어지며 관리자 권한이 필요하지 않습니다.

FanFolder는 개인적 및 상업적 용도로 무료입니다. Windows 10 버전 2004 이상과 x64 및 ARM64의 Windows 11을 지원합니다.","FanFolder er et lett Windows-oppgavelinjeverktøy som gir deg ett-klikks tilgang til filene du jobber med. Klikk på FanFolder-ikonet på oppgavelinjen og de siste filene dine vises i en animert fan-meny. For en vanlig mappe prioriterer FanFolder de sist endrede elementene; standardkilden for nylige dokumenter bruker Windows siste dokumenthistorikk.

Velg hvilken som helst lokal mappe, inkludert mapper synkronisert med OneDrive, Dropbox eller Google Drive. Åpne et element med ett klikk, dra det til et annet program, eller høyreklikk det for å bruke standard Windows Shell kontekstmeny.

Velg mellom fem animasjonsstiler: Fan, Glide, Spring, Fade eller None. Konfigurer mappen, sorteringsrekkefølgen, antall elementer, filnavnfilter, mappesynlighet og filutvidelsesvisning.

FanFolder bruker innebygd Win32/C++-teknologi, Windows Shell-integrasjon og per-brukerinnstillinger. Den har ingen kjøretidsavhengigheter, ingen kontokrav og ingen nettverkstilkobling er nødvendig for normal drift. Installasjonen er per bruker og krever ikke administratorrettigheter.

FanFolder er gratis for personlig og kommersiell bruk. Den støtter Windows 10 versjon 2004 eller nyere og Windows 11 på x64 og ARM64.","FanFolder to lekkie narzędzie paska zadań systemu Windows, które umożliwia dostęp do plików, z którymi pracujesz, jednym kliknięciem. Kliknij ikonę FanFolder na pasku zadań, a Twoje ostatnie pliki pojawią się w animowanym menu wachlarzowym. W przypadku zwykłego folderu FanFolder nadaje priorytet ostatnio modyfikowanym elementom; domyślne źródło Ostatnie dokumenty korzysta z historii ostatnich dokumentów systemu Windows.

Wybierz dowolny folder lokalny, w tym foldery zsynchronizowane z OneDrive, Dropbox lub Google Drive. Otwórz element jednym kliknięciem, przeciągnij go do innej aplikacji lub kliknij prawym przyciskiem myszy, aby skorzystać ze standardowego menu kontekstowego powłoki systemu Windows.

Wybierz jeden z pięciu stylów animacji: Fan, Glide, Spring, Fade lub None. Skonfiguruj folder, porządek sortowania, liczbę elementów, filtr nazw plików, widoczność folderów i wyświetlanie rozszerzeń plików.

FanFolder wykorzystuje natywną technologię Win32/C++, integrację z powłoką Windows i ustawienia dla poszczególnych użytkowników. Nie ma zależności w czasie wykonywania, nie wymaga konta i do normalnej pracy nie jest wymagane połączenie sieciowe. Instalacja odbywa się na użytkownika i nie wymaga uprawnień administratora.

FanFolder jest darmowy do użytku osobistego i komercyjnego. Obsługuje system Windows 10 w wersji 2004 lub nowszej oraz Windows 11 na x64 i ARM64.","FanFolder é um utilitário leve da barra de tarefas do Windows que oferece acesso com um clique aos arquivos com os quais você está trabalhando. Clique no ícone FanFolder na barra de tarefas e seus arquivos recentes aparecerão em um menu de leque animado. Para uma pasta normal, FanFolder prioriza os itens modificados mais recentemente; a fonte padrão de Documentos Recentes usa o histórico de documentos recentes do Windows.

Escolha qualquer pasta local, incluindo pastas sincronizadas com OneDrive, Dropbox ou Google Drive. Abra um item com um clique, arraste-o para outro aplicativo ou clique com o botão direito para usar o menu de contexto padrão do Windows Shell.

Escolha entre cinco estilos de animação: Fan, Glide, Spring, Fade ou None. Configure a pasta, a ordem de classificação, o número de itens, o filtro de nome de arquivo, a visibilidade da pasta e a exibição da extensão do arquivo.

FanFolder usa tecnologia nativa Win32/C++, integração com Windows Shell e configurações por usuário. Não possui dependências de tempo de execução, nenhum requisito de conta e nenhuma conexão de rede é necessária para operação normal. A instalação é feita por usuário e não requer direitos de administrador.

FanFolder é gratuito para uso pessoal e comercial. Suporta Windows 10 versão 2004 ou posterior e Windows 11 em x64 e ARM64.","FanFolder este un utilitar ușor de bară de activități Windows care vă oferă acces cu un singur clic la fișierele cu care lucrați. Faceți clic pe pictograma FanFolder din bara de activități și fișierele dvs. recente apar într-un meniu animat pentru ventilator. Pentru un folder normal, FanFolder acordă prioritate articolelor modificate cel mai recent; sursa implicită Documente recente utilizează istoricul documentelor recente din Windows.

Alegeți orice folder local, inclusiv dosarele sincronizate cu OneDrive, Dropbox sau Google Drive. Deschideți un element cu un singur clic, trageți-l într-o altă aplicație sau faceți clic dreapta pe el pentru a utiliza meniul contextual standard Windows Shell.

Alegeți dintre cinci stiluri de animație: Fan, Glide, Spring, Fade sau None. Configurați folderul, ordinea de sortare, numărul de articole, filtrul de nume de fișier, vizibilitatea folderului și afișarea extensiei fișierelor.

FanFolder folosește tehnologia nativă Win32/C++, integrarea Windows Shell și setările per utilizator. Nu are dependențe de rulare, nicio cerință de cont și nu este necesară nicio conexiune la rețea pentru funcționarea normală. Instalarea se face per utilizator și nu necesită drepturi de administrator.

FanFolder este gratuit pentru uz personal și comercial. Acceptă Windows 10 versiunea 2004 sau o versiune ulterioară și Windows 11 pe x64 și ARM64.","FanFolder — это легкая утилита панели задач Windows, которая дает вам доступ к файлам, с которыми вы работаете, одним щелчком мыши. Щелкните значок FanFolder на панели задач, и ваши последние файлы появятся в анимированном веерном меню. Для обычной папки FanFolder отдает приоритет последним измененным элементам; источник последних документов по умолчанию использует историю последних документов Windows.

Выберите любую локальную папку, включая папки, синхронизированные с OneDrive, Dropbox или Google Drive. Откройте элемент одним щелчком мыши, перетащите его в другое приложение или щелкните его правой кнопкой мыши, чтобы использовать стандартное контекстное меню оболочки Windows.

Выберите один из пяти стилей анимации: «Веер», «Скольжение», «Пружина», «Затухание» или «Нет». Настройте папку, порядок сортировки, количество элементов, фильтр имени файла, видимость папки и отображение расширения файла.

FanFolder использует собственную технологию Win32/C++, интеграцию с Windows Shell и настройки для каждого пользователя. Он не имеет никаких зависимостей во время выполнения, не требует учетной записи и для нормальной работы не требуется сетевое подключение. Установка осуществляется индивидуально для каждого пользователя и не требует прав администратора.

FanFolder бесплатен для личного и коммерческого использования. Он поддерживает Windows 10 версии 2004 или новее, а также Windows 11 на x64 и ARM64.","FanFolder es una utilidad liviana de la barra de tareas de Windows que le brinda acceso con un solo clic a los archivos con los que está trabajando. Haga clic en el icono FanFolder en la barra de tareas y sus archivos recientes aparecerán en un menú de fans animado. Para una carpeta normal, FanFolder prioriza los elementos modificados más recientemente; la fuente predeterminada de Documentos recientes utiliza el historial de documentos recientes de Windows.

Elija cualquier carpeta local, incluidas las carpetas sincronizadas con OneDrive, Dropbox o Google Drive. Abra un elemento con un clic, arrástrelo a otra aplicación o haga clic derecho en él para usar el menú contextual estándar de Windows Shell.

Elija entre cinco estilos de animación: Fan, Glide, Spring, Fade o Ninguno. Configure la carpeta, el orden de clasificación, la cantidad de elementos, el filtro de nombre de archivo, la visibilidad de la carpeta y la visualización de la extensión del archivo.

FanFolder utiliza tecnología nativa Win32/C++, integración de Windows Shell y configuración por usuario. No tiene dependencias de tiempo de ejecución, no requiere cuenta y no se requiere conexión de red para su funcionamiento normal. La instalación es por usuario y no requiere derechos de administrador.

FanFolder es gratuito para uso personal y comercial. Es compatible con Windows 10 versión 2004 o posterior y Windows 11 en x64 y ARM64.","FanFolder ni upau wa kazi wepesi wa Windows ambao hukupa ufikiaji wa mbofyo mmoja kwa faili unazofanya nazo kazi. Bofya ikoni ya FanFolder kwenye upau wa kazi na faili zako za hivi majuzi zitaonekana kwenye menyu ya shabiki iliyohuishwa. Kwa folda ya kawaida, FanFolder inatanguliza vipengee vilivyorekebishwa hivi karibuni; chanzo chaguo-msingi cha Hati za Hivi Majuzi hutumia historia ya hati ya hivi majuzi ya Windows.

Chagua folda yoyote ya ndani, ikijumuisha folda zilizosawazishwa na OneDrive, Dropbox, au Google Drive. Fungua kipengee kwa mbofyo mmoja, kiburute hadi kwenye programu nyingine, au ubofye kulia ili kutumia menyu ya kawaida ya Windows Shell.

Chagua kutoka kwa mitindo mitano ya uhuishaji: Fan, Glide, Spring, Fifisha, au Hakuna. Sanidi folda, mpangilio wa kupanga, idadi ya vipengee, kichujio cha jina la faili, mwonekano wa folda, na onyesho la kiendelezi cha faili.

FanFolder hutumia teknolojia asilia ya Win32/C++, muunganisho wa Windows Shell, na mipangilio ya kila mtumiaji. Haina utegemezi wa wakati wa kukimbia, hakuna mahitaji ya akaunti, na hakuna muunganisho wa mtandao unaohitajika kwa uendeshaji wa kawaida. Usakinishaji ni kwa kila mtumiaji na hauhitaji haki za msimamizi.

FanFolder ni bure kwa matumizi ya kibinafsi na ya kibiashara. Inaauni toleo la Windows 10 2004 au matoleo mapya zaidi na Windows 11 kwenye x64 na ARM64.","FanFolder är ett lättviktigt Windows aktivitetsfält som ger dig tillgång till filerna du arbetar med med ett klick. Klicka på FanFolder-ikonen i aktivitetsfältet och dina senaste filer visas i en animerad fläktmeny. För en normal mapp prioriterar FanFolder de senast ändrade objekten; standardkällan för senaste dokument använder Windows senaste dokumenthistorik.

Välj valfri lokal mapp, inklusive mappar som är synkroniserade med OneDrive, Dropbox eller Google Drive. Öppna ett objekt med ett klick, dra det till ett annat program eller högerklicka på det för att använda Windows-skalets standardkontextmeny.

Välj mellan fem animationsstilar: Fan, Glide, Spring, Fade eller None. Konfigurera mapp, sorteringsordning, antal objekt, filnamnsfilter, mappsynlighet och filtilläggsvisning.

FanFolder använder inbyggd Win32/C++-teknik, Windows Shell-integration och inställningar per användare. Den har inga runtime-beroenden, inget kontokrav och ingen nätverksanslutning krävs för normal drift. Installationen är per användare och kräver inga administratörsrättigheter.

FanFolder är gratis för personligt och kommersiellt bruk. Den stöder Windows 10 version 2004 eller senare och Windows 11 på x64 och ARM64.","FanFolder เป็นยูทิลิตี้แถบงาน Windows น้ำหนักเบาที่ให้คุณเข้าถึงไฟล์ที่คุณกำลังทำงานด้วยคลิกเดียว คลิกไอคอน FanFolder บนทาสก์บาร์ และไฟล์ล่าสุดของคุณจะปรากฏในเมนูพัดลมแบบเคลื่อนไหว สำหรับโฟลเดอร์ปกติ FanFolder จะจัดลำดับความสำคัญของรายการที่แก้ไขล่าสุด แหล่งเอกสารล่าสุดเริ่มต้นจะใช้ประวัติเอกสารล่าสุดของ Windows

เลือกโฟลเดอร์ภายในเครื่อง รวมถึงโฟลเดอร์ที่ซิงโครไนซ์กับ OneDrive, Dropbox หรือ Google Drive เปิดรายการได้ด้วยคลิกเดียว ลากไปยังแอปพลิเคชันอื่น หรือคลิกขวาเพื่อใช้เมนูบริบท Windows Shell มาตรฐาน

เลือกจากห้าสไตล์แอนิเมชั่น: พัด, ร่อน, สปริง, จางลง หรือไม่มี กำหนดค่าโฟลเดอร์ ลำดับการจัดเรียง จำนวนรายการ ตัวกรองชื่อไฟล์ การมองเห็นโฟลเดอร์ และการแสดงนามสกุลไฟล์

FanFolder ใช้เทคโนโลยี Win32/C++ ดั้งเดิม การรวม Windows Shell และการตั้งค่าต่อผู้ใช้ ไม่มีการพึ่งพารันไทม์ ไม่มีข้อกำหนดบัญชี และไม่จำเป็นต้องเชื่อมต่อเครือข่ายสำหรับการทำงานปกติ การติดตั้งเป็นแบบต่อผู้ใช้และไม่ต้องใช้สิทธิ์ของผู้ดูแลระบบ

FanFolder ฟรีสำหรับการใช้งานส่วนตัวและเชิงพาณิชย์ รองรับ Windows 10 เวอร์ชัน 2004 หรือใหม่กว่า และ Windows 11 บน x64 และ ARM64","FanFolder, üzerinde çalıştığınız dosyalara tek tıklamayla erişmenizi sağlayan hafif bir Windows görev çubuğu yardımcı programıdır. Görev çubuğundaki FanFolder simgesini tıkladığınızda son dosyalarınız animasyonlu bir hayran menüsünde görünür. Normal bir klasör için FanFolder en son değiştirilen öğelere öncelik verir; varsayılan Son Belgeler kaynağı Windows'un son belge geçmişini kullanır.

OneDrive, Dropbox veya Google Drive ile senkronize edilmiş klasörler dahil herhangi bir yerel klasörü seçin. Tek tıklamayla bir öğeyi açın, başka bir uygulamaya sürükleyin veya standart Windows Kabuğu bağlam menüsünü kullanmak için sağ tıklayın.

Beş animasyon stilinden birini seçin: Yelpaze, Kayma, Yay, Soldurma veya Yok. Klasörü, sıralama düzenini, öğe sayısını, dosya adı filtresini, klasör görünürlüğünü ve dosya uzantısı görünümünü yapılandırın.

FanFolder, yerel Win32/C++ teknolojisini, Windows Kabuğu entegrasyonunu ve kullanıcı başına ayarları kullanır. Çalışma zamanı bağımlılığı yoktur, hesap gereksinimi yoktur ve normal çalışma için ağ bağlantısı gerekmez. Kurulum kullanıcı başına yapılır ve yönetici hakları gerektirmez.

FanFolder kişisel ve ticari kullanım için ücretsizdir. Windows 10 sürüm 2004 veya üzerini ve x64 ve ARM64'te Windows 11'i destekler.","FanFolder — це легка утиліта на панелі завдань Windows, яка надає вам доступ до файлів, з якими ви працюєте, одним клацанням миші. Клацніть піктограму FanFolder на панелі завдань, і ваші останні файли з’являться в анімованому меню вентилятора. Для звичайної папки FanFolder надає пріоритет останнім зміненим елементам; джерело Recent Documents за умовчанням використовує історію останніх документів Windows.

Виберіть будь-яку локальну папку, включаючи папки, синхронізовані з OneDrive, Dropbox або Google Drive. Відкрийте елемент одним клацанням, перетягніть його в іншу програму або клацніть правою кнопкою миші, щоб скористатися стандартним контекстним меню Windows Shell.

Виберіть один із п’яти стилів анімації: «Віяло», «Ковзання», «Весна», «Зникає» або «Немає». Налаштуйте папку, порядок сортування, кількість елементів, фільтр імені файлу, видимість папки та відображення розширення файлу.

FanFolder використовує власну технологію Win32/C++, інтеграцію Windows Shell і налаштування для кожного користувача. Він не залежить від середовища виконання, не вимагає облікового запису та не вимагає підключення до мережі для нормальної роботи. Встановлення виконується окремо для кожного користувача і не вимагає прав адміністратора.

FanFolder безкоштовний для особистого та комерційного використання. Він підтримує Windows 10 версії 2004 або новішої та Windows 11 на x64 та ARM64.","FanFolder là một tiện ích nhẹ trên thanh tác vụ Windows cho phép bạn truy cập bằng một cú nhấp chuột vào các tệp bạn đang làm việc. Nhấp vào biểu tượng FanFolder trên thanh tác vụ và các tệp gần đây của bạn sẽ xuất hiện trong menu hình quạt hoạt hình. Đối với thư mục bình thường, FanFolder ưu tiên các mục được sửa đổi gần đây nhất; nguồn Tài liệu Gần đây mặc định sử dụng lịch sử tài liệu gần đây của Windows.

Chọn bất kỳ thư mục cục bộ nào, bao gồm các thư mục được đồng bộ hóa với OneDrive, Dropbox hoặc Google Drive. Mở một mục bằng một cú nhấp chuột, kéo mục đó sang ứng dụng khác hoặc nhấp chuột phải vào mục đó để sử dụng menu ngữ cảnh Windows Shell tiêu chuẩn.

Chọn từ năm kiểu hoạt ảnh: Quạt, Lướt, Mùa xuân, Làm mờ hoặc Không có. Định cấu hình thư mục, thứ tự sắp xếp, số lượng mục, bộ lọc tên tệp, khả năng hiển thị thư mục và hiển thị phần mở rộng tệp.

FanFolder sử dụng công nghệ Win32/C++ gốc, tích hợp Windows Shell và cài đặt cho mỗi người dùng. Nó không có phụ thuộc thời gian chạy, không yêu cầu tài khoản và không cần kết nối mạng để hoạt động bình thường. Việc cài đặt được thực hiện theo từng người dùng và không yêu cầu quyền quản trị viên.

FanFolder miễn phí cho mục đích sử dụng cá nhân và thương mại. Nó hỗ trợ Windows 10 phiên bản 2004 trở lên và Windows 11 trên x64 và ARM64."
WhatsNew,3,Text,,,,,,,,,,,,,,,,,,,,,,,,,,,,,,
ProductFeatures1,4,Text,Open recent files from the Windows taskbar in one click,Open recent files from the Windows taskbar in one click,افتح الملفات الحديثة من شريط مهام Windows بنقرة واحدة,一键从 Windows 任务栏打开最近使用的文件,Otevřete poslední soubory z hlavního panelu Windows jedním kliknutím,Åbn de seneste filer fra proceslinjen i Windows med et enkelt klik,Open recente bestanden vanuit de Windows-taakbalk met één klik,Avaa viimeisimmät tiedostot Windowsin tehtäväpalkista yhdellä napsautuksella,Ouvrez les fichiers récents depuis la barre des tâches Windows en un clic,Öffnen Sie aktuelle Dateien mit einem Klick über die Windows-Taskleiste,Ανοίξτε πρόσφατα αρχεία από τη γραμμή εργασιών των Windows με ένα κλικ,פתח את הקבצים האחרונים משורת המשימות של Windows בלחיצה אחת,विंडोज़ टास्कबार से हाल की फ़ाइलें एक क्लिक में खोलें,Nyissa meg a legutóbbi fájlokat a Windows tálcájáról egyetlen kattintással,Buka file terbaru dari taskbar Windows dalam satu klik,Apri i file recenti dalla barra delle applicazioni di Windows con un clic,ワンクリックで Windows タスクバーから最近使用したファイルを開きます,한 번의 클릭으로 Windows 작업 표시줄에서 최근 파일 열기,Åpne nylige filer fra Windows-oppgavelinjen med ett klikk,Otwórz najnowsze pliki z paska zadań Windows jednym kliknięciem,Abra arquivos recentes da barra de tarefas do Windows com um clique,Deschideți fișierele recente din bara de activități Windows cu un singur clic,Открывайте последние файлы с панели задач Windows одним щелчком мыши.,Abra archivos recientes desde la barra de tareas de Windows con un solo clic,Fungua faili za hivi karibuni kutoka kwa upau wa kazi wa Windows kwa mbofyo mmoja,Öppna de senaste filerna från aktivitetsfältet i Windows med ett klick,เปิดไฟล์ล่าสุดจากทาสก์บาร์ของ Windows ได้ในคลิกเดียว,Windows görev çubuğundaki son dosyaları tek tıklamayla açın,Відкривайте останні файли на панелі завдань Windows одним клацанням миші,Mở các tệp gần đây từ thanh tác vụ Windows chỉ bằng một cú nhấp chuột
ProductFeatures2,5,Text,Choose any local folder including synced cloud folders,Choose any local folder including synced cloud folders,اختر أي مجلد محلي بما في ذلك المجلدات السحابية المتزامنة,选择任何本地文件夹，包括同步的云文件夹,Vyberte libovolnou místní složku včetně synchronizovaných cloudových složek,Vælg en hvilken som helst lokal mappe inklusive synkroniserede skymapper,"Kies een lokale map, inclusief gesynchroniseerde cloudmappen","Valitse mikä tahansa paikallinen kansio, mukaan lukien synkronoidut pilvikansiot","Choisissez n'importe quel dossier local, y compris les dossiers cloud synchronisés","Wählen Sie einen beliebigen lokalen Ordner, einschließlich synchronisierter Cloud-Ordner","Επιλέξτε οποιονδήποτε τοπικό φάκελο, συμπεριλαμβανομένων των συγχρονισμένων φακέλων cloud",בחר כל תיקייה מקומית כולל תיקיות ענן מסונכרנות,सिंक किए गए क्लाउड फ़ोल्डर सहित कोई भी स्थानीय फ़ोल्डर चुनें,"Válasszon bármilyen helyi mappát, beleértve a szinkronizált felhő mappákat is",Pilih folder lokal mana pun termasuk folder cloud yang disinkronkan,"Scegli qualsiasi cartella locale, comprese le cartelle cloud sincronizzate",同期されたクラウド フォルダーを含む任意のローカル フォルダーを選択します,동기화된 클라우드 폴더를 포함한 로컬 폴더를 선택하세요.,Velg hvilken som helst lokal mappe inkludert synkroniserte skymapper,"Wybierz dowolny folder lokalny, w tym zsynchronizowane foldery w chmurze","Escolha qualquer pasta local, incluindo pastas sincronizadas na nuvem","Alegeți orice folder local, inclusiv folderele cloud sincronizate","Выберите любую локальную папку, включая синхронизированные облачные папки.","Elija cualquier carpeta local, incluidas las carpetas sincronizadas en la nube",Chagua folda yoyote ya ndani ikiwa ni pamoja na folda za wingu zilizosawazishwa,Välj valfri lokal mapp inklusive synkroniserade molnmappar,เลือกโฟลเดอร์ในเครื่องใด ๆ รวมถึงโฟลเดอร์คลาวด์ที่ซิงค์,Senkronize edilmiş bulut klasörleri dahil herhangi bir yerel klasörü seçin,"Виберіть будь-яку локальну папку, включаючи синхронізовані хмарні папки",Chọn bất kỳ thư mục cục bộ nào bao gồm các thư mục đám mây được đồng bộ hóa
ProductFeatures3,6,Text,Use Fan Glide Spring Fade or None animation styles,Use Fan Glide Spring Fade or None animation styles,استخدم أنماط الحركة Fan Glide Spring Fade أو لا شيء,使用 Fan Glide Spring Fade 或 None 动画样式,Použijte styly animace Fan Glide Spring Fade nebo None,Brug Fan Glide Spring Fade eller Ingen animationsstile,Gebruik de animatiestijlen Fan Glide Spring Fade of Geen,Käytä Fan Glide Spring Fade- tai None-animaatiotyylejä,Utiliser les styles d'animation Fan Glide Spring Fade ou Aucun,Verwenden Sie die Animationsstile Fan Glide Spring Fade oder None,Χρησιμοποιήστε στυλ κινουμένων σχεδίων Fan Glide Spring Fade ή None,השתמש בסגנונות הנפשה של Fan Glide Spring Fade או None,फैन ग्लाइड स्प्रिंग फ़ेड या कोई नहीं एनीमेशन शैलियों का उपयोग करें,Használja a Fan Glide Spring Fade vagy None animációs stílusokat,Gunakan gaya animasi Fan Glide Spring Fade atau None,Utilizza gli stili di animazione Fan Glide Spring Fade o Nessuno,Fan Glide Spring Fade または None アニメーション スタイルを使用する,팬 글라이드 스프링 페이드 또는 없음 애니메이션 스타일 사용,Bruk Fan Glide Spring Fade eller None animasjonsstiler,Użyj stylów animacji Fan Glide Spring Fade lub None,Use os estilos de animação Fan Glide Spring Fade ou None,Utilizați stilurile de animație Fan Glide Spring Fade sau None,Используйте стили анимации Fan Glide Spring Fade или None.,Utilice estilos de animación Fan Glide Spring Fade o Ninguno,Tumia mitindo ya uhuishaji ya Hakuna Fan Glide Spring Fade,Använd Fan Glide Spring Fade eller None animationsstilar,ใช้สไตล์แอนิเมชั่น Fan Glide Spring Fade หรือไม่มี,Fan Glide Spring Fade veya Yok animasyon stillerini kullanın,Використовуйте стилі анімації Fan Glide Spring Fade або None,Sử dụng kiểu hoạt hình Fan Glide Spring Fade hoặc Không có
ProductFeatures4,7,Text,Open files drag them to apps or use the Windows Shell menu,Open files drag them to apps or use the Windows Shell menu,افتح الملفات واسحبها إلى التطبيقات أو استخدم قائمة Windows Shell,打开文件将其拖至应用程序或使用 Windows Shell 菜单,Otevřené soubory přetáhněte do aplikací nebo použijte nabídku prostředí Windows,"Åbne filer, træk dem til apps, eller brug Windows Shell-menuen",Open bestanden sleep ze naar apps of gebruik het Windows Shell-menu,Avaa tiedostot vedä ne sovelluksiin tai käytä Windowsin Shell-valikkoa,"Ouvrez les fichiers, faites-les glisser vers des applications ou utilisez le menu Windows Shell","Öffnen Sie Dateien, ziehen Sie sie in Apps oder verwenden Sie das Windows-Shell-Menü","Ανοίξτε τα αρχεία, σύρετέ τα σε εφαρμογές ή χρησιμοποιήστε το μενού του κελύφους των Windows",פתח קבצים גרור אותם לאפליקציות או השתמש בתפריט מעטפת Windows,खुली हुई फ़ाइलों को ऐप्स पर खींचें या Windows शेल मेनू का उपयोग करें,"Fájlok megnyitása húzza őket az alkalmazásokba, vagy használja a Windows Shell menüt","Buka file, seret ke aplikasi atau gunakan menu Windows Shell",I file aperti trascinali nelle app o utilizza il menu della shell di Windows,ファイルを開く、アプリにドラッグする、または Windows シェル メニューを使用する,파일을 열어 앱으로 드래그하거나 Windows 셸 메뉴를 사용하세요.,Åpne filer drar dem til apper eller bruk Windows Shell-menyen,Otwarte pliki przeciągnij je do aplikacji lub użyj menu powłoki systemu Windows,"Abra arquivos, arraste-os para aplicativos ou use o menu Windows Shell",Deschideți fișierele trageți-le în aplicații sau utilizați meniul Windows Shell,"Откройте файлы, перетащите их в приложения или используйте меню оболочки Windows.","Abra archivos, arrástrelos a aplicaciones o use el menú Shell de Windows",Fungua faili ziburute kwa programu au tumia menyu ya Windows Shell,Öppna filer dra dem till appar eller använd Windows Shell-menyn,เปิดไฟล์ลากไปยังแอพหรือใช้เมนู Windows Shell,Açık dosyaları uygulamalara sürükleyin veya Windows Kabuğu menüsünü kullanın,"Відкрийте файли, перетягніть їх у програми або скористайтеся меню оболонки Windows","Mở tệp, kéo chúng vào ứng dụng hoặc sử dụng menu Windows Shell"
ProductFeatures5,8,Text,Sort by modified date creation date or name,Sort by modified date creation date or name,فرز حسب تاريخ إنشاء التاريخ المعدل أو الاسم,按修改日期、创建日期或名称排序,Seřadit podle data vytvoření upraveného data nebo názvu,Sorter efter ændret dato for oprettelse eller navn,"Sorteer op gewijzigde datum, aanmaakdatum of naam",Lajittele muokatun päivämäärän luontipäivämäärän tai nimen mukaan,"Trier par date de modification, date de création ou nom","Sortieren nach Änderungsdatum, Erstellungsdatum oder Name",Ταξινόμηση κατά τροποποιημένη ημερομηνία δημιουργίας ημερομηνίας ή ονόματος,מיין לפי תאריך יצירה או שם שונה,संशोधित दिनांक निर्माण तिथि या नाम के अनुसार क्रमबद्ध करें,Rendezés a módosított dátum létrehozásának dátuma vagy név szerint,"Urutkan berdasarkan tanggal modifikasi, tanggal atau nama pembuatan","Ordina per data di modifica, data di creazione o nome",変更日作成日または名前で並べ替えます,수정된 날짜 생성 날짜 또는 이름을 기준으로 정렬,Sorter etter endret dato for opprettelse eller navn,Sortuj według daty utworzenia lub nazwy zmodyfikowanej daty,"Classificar por data de modificação, data de criação ou nome","Sortați după data modificată, data creării sau nume","Сортировать по дате изменения, дате создания или имени","Ordenar por fecha de modificación, fecha de creación o nombre",Panga kwa tarehe iliyorekebishwa ya uundaji au jina,Sortera efter ändrat datum för skapande eller namn,จัดเรียงตามวันที่สร้างวันที่แก้ไขหรือชื่อ,"Değiştirilme tarihine, oluşturulma tarihine veya adına göre sırala","Сортувати за зміненою датою, датою створення або назвою",Sắp xếp theo ngày hoặc tên tạo ngày sửa đổi
ProductFeatures6,9,Text,Filter filenames with an optional regular expression,Filter filenames with an optional regular expression,قم بتصفية أسماء الملفات باستخدام تعبير عادي اختياري,使用可选的正则表达式过滤文件名,Filtrujte názvy souborů s volitelným regulárním výrazem,Filtrer filnavne med et valgfrit regulært udtryk,Filter bestandsnamen met een optionele reguliere expressie,Suodata tiedostonimet valinnaisella säännöllisellä lausekkeella,Filtrer les noms de fichiers avec une expression régulière facultative,Filtern Sie Dateinamen mit einem optionalen regulären Ausdruck,Φιλτράρετε ονόματα αρχείων με μια προαιρετική τυπική έκφραση,סנן שמות קבצים באמצעות ביטוי רגולרי אופציונלי,वैकल्पिक नियमित अभिव्यक्ति के साथ फ़ाइल नाम फ़िल्टर करें,A fájlnevek szűrése opcionális reguláris kifejezéssel,Filter nama file dengan ekspresi reguler opsional,Filtra i nomi dei file con un'espressione regolare facoltativa,オプションの正規表現を使用してファイル名をフィルタリングする,선택적 정규식으로 파일 이름 필터링,Filtrer filnavn med et valgfritt regulært uttrykk,Filtruj nazwy plików za pomocą opcjonalnego wyrażenia regularnego,Filtre nomes de arquivos com uma expressão regular opcional,Filtrați numele fișierelor cu o expresie regulată opțională,Фильтровать имена файлов с помощью необязательного регулярного выражения,Filtrar nombres de archivos con una expresión regular opcional,Chuja majina ya faili na usemi wa hiari wa kawaida,Filtrera filnamn med ett valfritt reguljärt uttryck,กรองชื่อไฟล์ด้วยนิพจน์ทั่วไปที่เป็นทางเลือก,Dosya adlarını isteğe bağlı bir normal ifadeyle filtreleyin,Фільтруйте імена файлів за допомогою необов’язкового регулярного виразу,Lọc tên tệp bằng biểu thức chính quy tùy chọn
ProductFeatures7,10,Text,Choose item count folders and file-extension visibility,Choose item count folders and file-extension visibility,اختر مجلدات عدد العناصر وإمكانية رؤية امتداد الملف,选择项目计数文件夹和文件扩展名可见性,Zvolte počet složek a viditelnost přípony souborů,Vælg mappetæller og filudvidelsessynlighed,Kies mappen voor itemtelling en zichtbaarheid van bestandsextensies,Valitse kohdemääräkansiot ja tiedostopäätteen näkyvyys,Choisissez les dossiers du nombre d'éléments et la visibilité des extensions de fichiers,Wählen Sie die Anzahl der Ordner und die Sichtbarkeit der Dateierweiterungen aus,Επιλέξτε φακέλους καταμέτρησης στοιχείων και ορατότητα επέκτασης αρχείου,בחר תיקיות ספירת פריטים ונראות של סיומת קבצים,आइटम गिनती फ़ोल्डर और फ़ाइल-एक्सटेंशन दृश्यता चुनें,Válassza ki a tételszám mappákat és a fájlkiterjesztés láthatóságát,Pilih folder jumlah item dan visibilitas ekstensi file,Scegli le cartelle per il conteggio degli elementi e la visibilità delle estensioni dei file,アイテム数のフォルダーとファイル拡張子の表示を選択します,항목 수 폴더 및 파일 확장자 표시 여부 선택,Velg mapper med antall elementer og synlighet for filutvidelser,Wybierz foldery z liczbą elementów i widoczność rozszerzeń plików,Escolha pastas de contagem de itens e visibilidade de extensão de arquivo,Alegeți folderele cu numărul de articole și vizibilitatea extensiilor de fișiere,Выберите папки с количеством элементов и видимость расширений файлов.,Elija las carpetas de recuento de elementos y la visibilidad de las extensiones de archivos,Chagua folda za kuhesabu bidhaa na mwonekano wa kiendelezi cha faili,Välj mappar för antal objekt och synlighet för filtillägg,เลือกโฟลเดอร์นับรายการและการมองเห็นนามสกุลไฟล์,Öğe sayısı klasörlerini ve dosya uzantısı görünürlüğünü seçin,Виберіть кількість папок і видимість розширення файлу,Chọn thư mục đếm mục và khả năng hiển thị phần mở rộng tệp
ProductFeatures8,11,Text,Use native Windows icons and file thumbnails,Use native Windows icons and file thumbnails,استخدم أيقونات Windows الأصلية والصور المصغرة للملفات,使用本机 Windows 图标和文件缩略图,Používejte nativní ikony systému Windows a miniatury souborů,Brug oprindelige Windows-ikoner og filminiaturebilleder,Gebruik native Windows-pictogrammen en bestandsminiaturen,Käytä alkuperäisiä Windowsin kuvakkeita ja tiedostojen pikkukuvia,Utiliser les icônes Windows natives et les vignettes de fichiers,Verwenden Sie native Windows-Symbole und Datei-Miniaturansichten,Χρησιμοποιήστε εγγενή εικονίδια των Windows και μικρογραφίες αρχείων,השתמש בסמלים מקוריים של Windows ובתמונות ממוזערות של קבצים,मूल विंडोज़ आइकन और फ़ाइल थंबनेल का उपयोग करें,Használjon natív Windows-ikonokat és fájlok miniatűrjeit,Gunakan ikon asli Windows dan thumbnail file,Utilizza le icone native di Windows e le miniature dei file,ネイティブの Windows アイコンとファイルのサムネイルを使用する,기본 Windows 아이콘 및 파일 축소판 사용,Bruk opprinnelige Windows-ikoner og filminiatyrbilder,Używaj natywnych ikon systemu Windows i miniatur plików,Use ícones nativos do Windows e miniaturas de arquivos,Utilizați pictograme Windows native și miniaturi ale fișierelor,Используйте собственные значки Windows и миниатюры файлов.,Utilice iconos nativos de Windows y miniaturas de archivos,Tumia aikoni asili za Windows na vijipicha vya faili,Använd inbyggda Windows-ikoner och filminiatyrer,ใช้ไอคอน Windows และรูปขนาดย่อของไฟล์,Yerel Windows simgelerini ve dosya küçük resimlerini kullanın,Використовуйте рідні піктограми та мініатюри файлів Windows,Sử dụng các biểu tượng và hình thu nhỏ tệp gốc của Windows
ProductFeatures9,12,Text,Install per user without administrator rights,Install per user without administrator rights,التثبيت لكل مستخدم دون حقوق المسؤول,按用户安装，无需管理员权限,Instalace pro uživatele bez práv správce,Installer pr. bruger uden administratorrettigheder,Installatie per gebruiker zonder beheerdersrechten,Asenna per käyttäjä ilman järjestelmänvalvojan oikeuksia,Installer par utilisateur sans droits d'administrateur,Installation pro Benutzer ohne Administratorrechte,Εγκατάσταση ανά χρήστη χωρίς δικαιώματα διαχειριστή,התקן לכל משתמש ללא זכויות מנהל,व्यवस्थापक अधिकारों के बिना प्रति उपयोगकर्ता इंस्टॉल करें,Telepítés felhasználónként rendszergazdai jogok nélkül,Instal per pengguna tanpa hak administrator,Installazione per utente senza diritti di amministratore,管理者権限を持たないユーザーごとにインストールする,관리자 권한 없이 사용자별로 설치,Installer per bruker uten administratorrettigheter,Zainstaluj dla każdego użytkownika bez uprawnień administratora,Instalar por usuário sem direitos de administrador,Instalați per utilizator fără drepturi de administrator,Установка для каждого пользователя без прав администратора,Instalar por usuario sin derechos de administrador,Sakinisha kwa kila mtumiaji bila haki za msimamizi,Installera per användare utan administratörsrättigheter,ติดตั้งต่อผู้ใช้โดยไม่มีสิทธิ์ของผู้ดูแลระบบ,Yönetici hakları olmayan kullanıcı başına yükleme,Встановити для кожного користувача без прав адміністратора,Cài đặt cho mỗi người dùng mà không có quyền quản trị viên
ProductFeatures10,13,Text,Supports Windows 10 and Windows 11 on x64 and ARM64,Supports Windows 10 and Windows 11 on x64 and ARM64,يدعم نظامي التشغيل Windows 10 وWindows 11 على x64 وARM64,支持 x64 和 ARM64 上的 Windows 10 和 Windows 11,Podporuje Windows 10 a Windows 11 na x64 a ARM64,Understøtter Windows 10 og Windows 11 på x64 og ARM64,Ondersteunt Windows 10 en Windows 11 op x64 en ARM64,Tukee Windows 10:tä ja Windows 11:tä x64:ssä ja ARM64:ssä,Prend en charge Windows 10 et Windows 11 sur x64 et ARM64,Unterstützt Windows 10 und Windows 11 auf x64 und ARM64,Υποστηρίζει Windows 10 και Windows 11 σε x64 και ARM64,תומך ב-Windows 10 וב-Windows 11 ב-x64 ו-ARM64,x64 और ARM64 पर Windows 10 और Windows 11 को सपोर्ट करता है,Támogatja a Windows 10 és Windows 11 operációs rendszert x64 és ARM64 rendszeren,Mendukung Windows 10 dan Windows 11 pada x64 dan ARM64,Supporta Windows 10 e Windows 11 su x64 e ARM64,x64 および ARM64 で Windows 10 および Windows 11 をサポート,x64 및 ARM64에서 Windows 10 및 Windows 11 지원,Støtter Windows 10 og Windows 11 på x64 og ARM64,Obsługuje Windows 10 i Windows 11 na x64 i ARM64,Suporta Windows 10 e Windows 11 em x64 e ARM64,Suportă Windows 10 și Windows 11 pe x64 și ARM64,Поддерживает Windows 10 и Windows 11 на x64 и ARM64.,Admite Windows 10 y Windows 11 en x64 y ARM64,Inaauni Windows 10 na Windows 11 kwenye x64 na ARM64,Stöder Windows 10 och Windows 11 på x64 och ARM64,รองรับ Windows 10 และ Windows 11 บน x64 และ ARM64,x64 ve ARM64'te Windows 10 ve Windows 11'i destekler,Підтримує Windows 10 і Windows 11 на x64 і ARM64,Hỗ trợ Windows 10 và Windows 11 trên x64 và ARM64
ProductFeatures11,14,Text,,,,,,,,,,,,,,,,,,,,,,,,,,,,,,
ProductFeatures12,15,Text,,,,,,,,,,,,,,,,,,,,,,,,,,,,,,
ProductFeatures13,16,Text,,,,,,,,,,,,,,,,,,,,,,,,,,,,,,
ProductFeatures14,17,Text,,,,,,,,,,,,,,,,,,,,,,,,,,,,,,
ProductFeatures15,18,Text,,,,,,,,,,,,,,,,,,,,,,,,,,,,,,
ProductFeatures16,19,Text,,,,,,,,,,,,,,,,,,,,,,,,,,,,,,
ProductFeatures17,20,Text,,,,,,,,,,,,,,,,,,,,,,,,,,,,,,
ProductFeatures18,21,Text,,,,,,,,,,,,,,,,,,,,,,,,,,,,,,
ProductFeatures19,22,Text,,,,,,,,,,,,,,,,,,,,,,,,,,,,,,
ProductFeatures20,23,Text,,,,,,,,,,,,,,,,,,,,,,,,,,,,,,
ShortDescription,24,Text,"One-click access to recent files from an animated Windows taskbar fan. Choose any folder, open or drag items, and free from the Microsoft Store.","One-click access to recent files from an animated Windows taskbar fan. Choose any folder, open or drag items, and free from the Microsoft Store.",الوصول بنقرة واحدة إلى الملفات الحديثة من أحد المعجبين بشريط مهام Windows المتحرك. اختر أي مجلد، وافتح العناصر أو اسحبها، ثم قم بالتثبيت مجانًا باستخدام برنامج Winget أو برنامج التثبيت الخاص بكل مستخدم.,从动画 Windows 任务栏风扇中一键访问最近的文件。选择任何文件夹，打开或拖动项目，然后使用 winget 或每用户安装程序免费安装。,"Přístup k posledním souborům jedním kliknutím z animovaného ventilátoru na hlavním panelu Windows. Vyberte libovolnou složku, otevřete nebo přetáhněte položky a nainstalujte zdarma pomocí wingetu nebo instalačního programu pro uživatele.","Adgang med et enkelt klik til de seneste filer fra en animeret Windows-proceslinjefan. Vælg en hvilken som helst mappe, åbn eller træk elementer, og gratis fra Microsoft Store.","Toegang met één klik tot recente bestanden via een geanimeerde Windows-taakbalkventilator. Kies een willekeurige map, open of sleep items en installeer gratis met winget of het installatieprogramma per gebruiker.","Pääset uusimpiin tiedostoihin yhdellä napsautuksella animoidusta Windowsin tehtäväpalkin fanista. Valitse mikä tahansa kansio, avaa tai vedä kohteita ja asenna ilmaiseksi wingetillä tai käyttäjäkohtaisella asennusohjelmalla.","Accès en un clic aux fichiers récents à partir d'un ventilateur animé de la barre des tâches Windows. Choisissez n'importe quel dossier, ouvrez ou faites glisser des éléments et installez gratuitement avec Winget ou le programme d'installation par utilisateur.","Zugriff mit einem Klick auf aktuelle Dateien über einen animierten Windows-Taskleistenfächer. Wählen Sie einen beliebigen Ordner, öffnen oder ziehen Sie Elemente und installieren Sie es kostenlos mit Winget oder dem benutzerspezifischen Installationsprogramm.","Πρόσβαση με ένα κλικ στα πρόσφατα αρχεία από έναν κινούμενο ανεμιστήρα της γραμμής εργασιών των Windows. Επιλέξτε οποιονδήποτε φάκελο, ανοίξτε ή σύρετε στοιχεία και εγκαταστήστε το δωρεάν με το winget ή το πρόγραμμα εγκατάστασης ανά χρήστη.","גישה בלחיצה אחת לקבצים אחרונים ממעריץ מונפש של שורת המשימות של Windows. בחר כל תיקיה, פתח או גרור פריטים והתקן בחינם עם winget או תוכנית ההתקנה לכל משתמש.","एनिमेटेड विंडोज टास्कबार फैन से हाल की फ़ाइलों तक एक-क्लिक पहुंच। कोई भी फ़ोल्डर चुनें, आइटम खोलें या खींचें, और विंगेट या प्रति-उपयोगकर्ता इंस्टॉलर के साथ निःशुल्क इंस्टॉल करें।","Egy kattintással elérheti a legutóbbi fájlokat egy animált Windows tálca rajongótól. Válasszon ki egy mappát, nyissa meg vagy húzza át az elemeket, és telepítse ingyenesen a winget vagy a felhasználónkénti telepítő segítségével.","Akses sekali klik ke file terbaru dari kipas bilah tugas Windows yang dianimasikan. Pilih folder mana saja, buka atau seret item, dan instal gratis dengan winget atau penginstal per pengguna.","Accesso con un clic ai file recenti da una ventola animata sulla barra delle applicazioni di Windows. Scegli qualsiasi cartella, apri o trascina gli elementi e installa gratuitamente con Winget o il programma di installazione per utente.",アニメーション化された Windows タスクバー ファンから、ワンクリックで最近のファイルにアクセスできます。任意のフォルダーを選択し、項目を開くかドラッグして、winget またはユーザーごとのインストーラーを使用して無料でインストールします。,"애니메이션 Windows 작업 표시줄 팬에서 최근 파일에 한 번의 클릭으로 액세스할 수 있습니다. 폴더를 선택하고, 항목을 열거나 드래그하고, Winget 또는 사용자별 설치 프로그램을 사용하여 무료로 설치하세요.","Ett-klikks tilgang til nylige filer fra en animert Windows-oppgavelinjevifte. Velg hvilken som helst mappe, åpne eller dra elementer, og installer gratis med winget eller installeringsprogrammet per bruker.","Dostęp jednym kliknięciem do najnowszych plików z animowanego wentylatora na pasku zadań systemu Windows. Wybierz dowolny folder, otwórz lub przeciągnij elementy i zainstaluj bezpłatnie za pomocą wingeta lub instalatora dla poszczególnych użytkowników.","Acesso com um clique a arquivos recentes a partir de um ventilador animado na barra de tarefas do Windows. Escolha qualquer pasta, abra ou arraste itens e instale gratuitamente com o winget ou o instalador por usuário.","Acces cu un singur clic la fișierele recente de la un ventilator animat din bara de activități Windows. Alegeți orice folder, deschideți sau trageți elemente și instalați gratuit cu Winget sau programul de instalare per utilizator.","Доступ к последним файлам одним щелчком мыши с помощью анимированной панели задач Windows. Выберите любую папку, откройте или перетащите элементы и установите бесплатно с помощью winget или индивидуального установщика.","Acceso con un clic a archivos recientes desde un ventilador animado de la barra de tareas de Windows. Elija cualquier carpeta, abra o arrastre elementos e instálelo gratis con Winget o el instalador por usuario.","Ufikiaji wa mbofyo mmoja kwa faili za hivi majuzi kutoka kwa shabiki wa upau wa kazi uliohuishwa wa Windows. Chagua folda yoyote, fungua au buruta vipengee, na usakinishe bila malipo kwa kutumia Winget au kisakinishi kwa kila mtumiaji.","Åtkomst med ett klick till de senaste filerna från en animerad Windows aktivitetsfältfläkt. Välj valfri mapp, öppna eller dra objekt och installera gratis med winget eller installationsprogrammet per användare.",เข้าถึงไฟล์ล่าสุดได้ในคลิกเดียวจากพัดลมแถบงาน Windows แบบเคลื่อนไหว เลือกโฟลเดอร์ใดก็ได้ เปิดหรือลากรายการ และติดตั้งฟรีด้วย winget หรือตัวติดตั้งต่อผู้ใช้,"Animasyonlu bir Windows görev çubuğu fanından son dosyalara tek tıklamayla erişim. Herhangi bir klasörü seçin, öğeleri açın veya sürükleyin ve Winget veya kullanıcı başına yükleyiciyle ücretsiz yükleyin.","Доступ одним клацанням миші до останніх файлів з анімованого вентилятора панелі завдань Windows. Виберіть будь-яку папку, відкрийте або перетягніть елементи та встановіть безкоштовно за допомогою winget або інсталятора для кожного користувача.","Truy cập bằng một cú nhấp chuột vào các tệp gần đây từ quạt thanh tác vụ Windows hoạt hình. Chọn bất kỳ thư mục nào, mở hoặc kéo các mục và cài đặt miễn phí bằng winget hoặc trình cài đặt cho mỗi người dùng."
SearchTerms1,25,Text,FanFolder,FanFolder,FanFolder,FanFolder,FanFolder,FanFolder,FanFolder,FanFolder,FanFolder,FanFolder,FanFolder,FanFolder,FanFolder,FanFolder,FanFolder,FanFolder,FanFolder,FanFolder,FanFolder,FanFolder,FanFolder,FanFolder,FanFolder,FanFolder,FanFolder,FanFolder,FanFolder,FanFolder,FanFolder,FanFolder
SearchTerms2,26,Text,Windows taskbar,Windows taskbar,شريط مهام ويندوز,Windows任务栏,Hlavní panel Windows,Windows proceslinje,Windows-taakbalk,Windowsin tehtäväpalkki,Barre des tâches Windows,Windows-Taskleiste,γραμμή εργασιών των Windows,שורת המשימות של Windows,विंडोज़ टास्कबार,Windows tálca,bilah tugas Windows,Barra delle applicazioni di Windows,Windowsタスクバー,Windows 작업 표시줄,Windows oppgavelinje,Pasek zadań Windowsa,Barra de tarefas do Windows,bara de activități Windows,Панель задач Windows,barra de tareas de windows,Upau wa kazi wa Windows,Windows aktivitetsfält,ทาสก์บาร์ของ Windows,Windows görev çubuğu,Панель завдань Windows,Thanh tác vụ Windows
SearchTerms3,27,Text,recent files,recent files,الملفات الأخيرة,最近的文件,poslední soubory,seneste filer,recente bestanden,viimeisimmät tiedostot,fichiers récents,Aktuelle Dateien,πρόσφατα αρχεία,קבצים אחרונים,हाल की फ़ाइलें,legutóbbi fájlok,file terbaru,file recenti,最近のファイル,최근 파일,nylige filer,najnowsze pliki,arquivos recentes,fișiere recente,последние файлы,archivos recientes,faili za hivi karibuni,senaste filerna,ไฟล์ล่าสุด,son dosyalar,останні файли,tập tin gần đây
SearchTerms4,28,Text,file launcher,file launcher,قاذفة الملف,文件启动器,spouštěč souborů,filstarter,bestandsopstartprogramma,tiedostojen käynnistysohjelma,lanceur de fichiers,Datei-Launcher,εκκίνησης αρχείων,משגר קבצים,फ़ाइल लांचर,fájlindító,peluncur file,lanciatore di file,ファイルランチャー,파일 실행기,filstarter,program uruchamiający pliki,lançador de arquivos,lansator de fișiere,средство запуска файлов,lanzador de archivos,kizindua faili,filstartare,ตัวเรียกใช้ไฟล์,dosya başlatıcı,засіб запуску файлів,trình khởi chạy tập tin
SearchTerms5,29,Text,folder launcher,folder launcher,قاذفة المجلد,文件夹启动器,spouštěč složek,mappestarter,mapstarter,kansion käynnistysohjelma,lanceur de dossiers,Ordner-Launcher,εκκίνηση φακέλου,משגר התיקיות,फ़ोल्डर लॉन्चर,mappaindító,peluncur folder,lanciatore di cartelle,フォルダーランチャー,폴더 실행기,mappestarter,program uruchamiający foldery,lançador de pasta,lansatorul de foldere,средство запуска папок,lanzador de carpetas,kizindua folda,mappstartare,ตัวเรียกใช้โฟลเดอร์,klasör başlatıcısı,засіб запуску папок,trình khởi chạy thư mục
SearchTerms6,30,Text,productivity tool,productivity tool,أداة الإنتاجية,生产力工具,nástroj produktivity,produktivitetsværktøj,productiviteitsinstrument,tuottavuuden työkalu,outil de productivité,Produktivitätstool,εργαλείο παραγωγικότητας,כלי פרודוקטיביות,उत्पादकता उपकरण,termelékenységi eszköz,alat produktivitas,strumento di produttività,生産性向上ツール,생산성 도구,produktivitetsverktøy,narzędzie zwiększające produktywność,ferramenta de produtividade,instrument de productivitate,инструмент повышения производительности,herramienta de productividad,chombo cha uzalishaji,produktivitetsverktyg,เครื่องมือเพิ่มประสิทธิภาพ,üretkenlik aracı,інструмент продуктивності,công cụ năng suất
SearchTerms7,31,Text,winget,winget,winget,winget,winget,winget,winget,winget,winget,winget,winget,winget,winget,winget,winget,winget,winget,winget,winget,winget,winget,winget,winget,winget,winget,winget,winget,winget,winget,winget
Applicable license terms,32,Text,Proprietary license. Free for personal and commercial use forever. All rights reserved. See the FanFolder Software License Agreement included with the app.,Proprietary license. Free for personal and commercial use forever. All rights reserved. See the FanFolder Software License Agreement included with the app.,ترخيص الملكية. مجاني للاستخدام الشخصي والتجاري إلى الأبد. جميع الحقوق محفوظة. راجع اتفاقية ترخيص برنامج FanFolder المضمنة مع التطبيق.,专有许可证。永久免费供个人和商业使用。版权所有。请参阅应用程序附带的 FanFolder 软件许可协议。,"Vlastnická licence. Zdarma pro osobní a komerční použití navždy. Všechna práva vyhrazena. Viz licenční smlouva k softwaru FanFolder, která je součástí aplikace.","Proprietær licens. Gratis til personlig og kommerciel brug for evigt. Alle rettigheder forbeholdes. Se FanFolder-softwarelicensaftalen, der følger med appen.",Eigen licentie. Voor altijd gratis voor persoonlijk en commercieel gebruik. Alle rechten voorbehouden. Zie de FanFolder-softwarelicentieovereenkomst die bij de app is geleverd.,Oma lisenssi. Ilmainen henkilökohtaiseen ja kaupalliseen käyttöön ikuisesti. Kaikki oikeudet pidätetään. Katso sovelluksen mukana toimitettu FanFolder-ohjelmiston käyttöoikeussopimus.,Licence propriétaire. Gratuit pour un usage personnel et commercial pour toujours. Tous droits réservés. Consultez le contrat de licence du logiciel FanFolder inclus avec l'application.,"Proprietäre Lizenz. Kostenlos für den persönlichen und kommerziellen Gebrauch für immer. Alle Rechte vorbehalten. Weitere Informationen finden Sie in der FanFolder-Softwarelizenzvereinbarung, die der App beiliegt.",Ιδιόκτητη άδεια. Δωρεάν για προσωπική και εμπορική χρήση για πάντα. Με την επιφύλαξη παντός δικαιώματος. Δείτε την Άδεια Χρήσης Λογισμικού FanFolder που περιλαμβάνεται στην εφαρμογή.,רישיון קנייני. חינם לשימוש אישי ומסחרי לנצח. כֹּל הַזְכוּיוֹת שְׁמוּרוֹת. עיין בהסכם רישיון התוכנה FanFolder המצורף לאפליקציה.,मालिकाना लाइसेंस. व्यक्तिगत और व्यावसायिक उपयोग के लिए हमेशा के लिए निःशुल्क। सर्वाधिकार सुरक्षित। ऐप के साथ शामिल फैनफ़ोल्डर सॉफ़्टवेयर लाइसेंस अनुबंध देखें।,Saját engedély. Személyes és kereskedelmi használatra örökre ingyenes. Minden jog fenntartva. Tekintse meg az alkalmazáshoz mellékelt FanFolder szoftver licencszerződését.,Lisensi kepemilikan. Gratis untuk penggunaan pribadi dan komersial selamanya. Semua hak dilindungi undang-undang. Lihat Perjanjian Lisensi Perangkat Lunak FanFolder yang disertakan dengan aplikasi.,Licenza proprietaria. Gratuito per uso personale e commerciale per sempre. Tutti i diritti riservati. Consulta il contratto di licenza del software FanFolder incluso con l'app.,独自のライセンス。個人利用および商用利用は永久に無料です。無断転載を禁じます。アプリに含まれる FanFolder ソフトウェア使用許諾契約を参照してください。,독점 라이센스. 개인 및 상업적 용도로 영원히 무료입니다. 모든 권리 보유. 앱에 포함된 FanFolder 소프트웨어 라이센스 계약을 참조하세요.,Proprietær lisens. Gratis for personlig og kommersiell bruk for alltid. Alle rettigheter forbeholdt. Se FanFolder-programvarelisensavtalen som følger med appen.,Licencja własnościowa. Bezpłatnie do użytku osobistego i komercyjnego na zawsze. Wszelkie prawa zastrzeżone. Zapoznaj się z umową licencyjną oprogramowania FanFolder dołączoną do aplikacji.,Licença proprietária. Gratuito para uso pessoal e comercial para sempre. Todos os direitos reservados. Consulte o Contrato de licença de software FanFolder incluído no aplicativo.,Licență de proprietate. Gratuit pentru uz personal și comercial pentru totdeauna. Toate drepturile rezervate. Consultați Acordul de licență software FanFolder inclus cu aplicația.,"Собственная лицензия. Бесплатно для личного и коммерческого использования навсегда. Все права защищены. См. Лицензионное соглашение на программное обеспечение FanFolder, включенное в приложение.",Licencia propietaria. Gratis para uso personal y comercial para siempre. Reservados todos los derechos. Consulte el Acuerdo de licencia del software FanFolder incluido con la aplicación.,Leseni ya umiliki. Bure kwa matumizi ya kibinafsi na ya kibiashara milele. Haki zote zimehifadhiwa. Tazama Mkataba wa Leseni ya Programu ya FanFolder pamoja na programu.,Proprietär licens. Gratis för personligt och kommersiellt bruk för alltid. Alla rättigheter reserverade. Se FanFolder Software License Agreement som medföljer appen.,ใบอนุญาตที่เป็นกรรมสิทธิ์ ฟรีสำหรับการใช้งานส่วนตัวและเชิงพาณิชย์ตลอดไป สงวนลิขสิทธิ์. ดูข้อตกลงสิทธิ์การใช้งานซอฟต์แวร์ FanFolder ที่มาพร้อมกับแอป,Tescilli lisans. Sonsuza kadar kişisel ve ticari kullanım için ücretsiz. Her hakkı saklıdır. Uygulamayla birlikte verilen FanFolder Yazılım Lisans Sözleşmesine bakın.,"Правова ліцензія. Безкоштовно для особистого та комерційного використання назавжди. Всі права захищені. Перегляньте ліцензійну угоду на програмне забезпечення FanFolder, що входить до програми.",Giấy phép độc quyền. Miễn phí cho sử dụng cá nhân và thương mại mãi mãi. Mọi quyền được bảo lưu. Xem Thỏa thuận cấp phép phần mềm FanFolder đi kèm với ứng dụng.
Copyright,33,Text,Copyright © 2026 Ole Bulow Hartvigsen. All rights reserved.,Copyright © 2026 Ole Bulow Hartvigsen. All rights reserved.,Copyright © 2026 Ole Bulow Hartvigsen. All rights reserved.,Copyright © 2026 Ole Bulow Hartvigsen. All rights reserved.,Copyright © 2026 Ole Bulow Hartvigsen. All rights reserved.,Copyright © 2026 Ole Bulow Hartvigsen. All rights reserved.,Copyright © 2026 Ole Bulow Hartvigsen. All rights reserved.,Copyright © 2026 Ole Bulow Hartvigsen. All rights reserved.,Copyright © 2026 Ole Bulow Hartvigsen. All rights reserved.,Copyright © 2026 Ole Bulow Hartvigsen. All rights reserved.,Copyright © 2026 Ole Bulow Hartvigsen. All rights reserved.,Copyright © 2026 Ole Bulow Hartvigsen. All rights reserved.,Copyright © 2026 Ole Bulow Hartvigsen. All rights reserved.,Copyright © 2026 Ole Bulow Hartvigsen. All rights reserved.,Copyright © 2026 Ole Bulow Hartvigsen. All rights reserved.,Copyright © 2026 Ole Bulow Hartvigsen. All rights reserved.,Copyright © 2026 Ole Bulow Hartvigsen. All rights reserved.,Copyright © 2026 Ole Bulow Hartvigsen. All rights reserved.,Copyright © 2026 Ole Bulow Hartvigsen. All rights reserved.,Copyright © 2026 Ole Bulow Hartvigsen. All rights reserved.,Copyright © 2026 Ole Bulow Hartvigsen. All rights reserved.,Copyright © 2026 Ole Bulow Hartvigsen. All rights reserved.,Copyright © 2026 Ole Bulow Hartvigsen. All rights reserved.,Copyright © 2026 Ole Bulow Hartvigsen. All rights reserved.,Copyright © 2026 Ole Bulow Hartvigsen. All rights reserved.,Copyright © 2026 Ole Bulow Hartvigsen. All rights reserved.,Copyright © 2026 Ole Bulow Hartvigsen. All rights reserved.,Copyright © 2026 Ole Bulow Hartvigsen. All rights reserved.,Copyright © 2026 Ole Bulow Hartvigsen. All rights reserved.,Copyright © 2026 Ole Bulow Hartvigsen. All rights reserved.
DevelopedBy,34,Text,Ole Bulow Hartvigsen,Ole Bulow Hartvigsen,Ole Bulow Hartvigsen,Ole Bulow Hartvigsen,Ole Bulow Hartvigsen,Ole Bulow Hartvigsen,Ole Bulow Hartvigsen,Ole Bulow Hartvigsen,Ole Bulow Hartvigsen,Ole Bulow Hartvigsen,Ole Bulow Hartvigsen,Ole Bulow Hartvigsen,Ole Bulow Hartvigsen,Ole Bulow Hartvigsen,Ole Bulow Hartvigsen,Ole Bulow Hartvigsen,Ole Bulow Hartvigsen,Ole Bulow Hartvigsen,Ole Bulow Hartvigsen,Ole Bulow Hartvigsen,Ole Bulow Hartvigsen,Ole Bulow Hartvigsen,Ole Bulow Hartvigsen,Ole Bulow Hartvigsen,Ole Bulow Hartvigsen,Ole Bulow Hartvigsen,Ole Bulow Hartvigsen,Ole Bulow Hartvigsen,Ole Bulow Hartvigsen,Ole Bulow Hartvigsen
RequirementsMinimum1,35,Text,Windows 10 version 2004 or later,Windows 10 version 2004 or later,نظام التشغيل Windows 10 الإصدار 2004 أو الأحدث,Windows 10 版本 2004 或更高版本,Windows 10 verze 2004 nebo novější,Windows 10 version 2004 eller nyere,Windows 10 versie 2004 of hoger,Windows 10 -versio 2004 tai uudempi,Windows 10 version 2004 ou ultérieure,Windows 10 Version 2004 oder höher,Windows 10 έκδοση 2004 ή νεότερη έκδοση,Windows 10 גרסה 2004 ואילך,विंडोज़ 10 संस्करण 2004 या बाद का संस्करण,Windows 10 2004-es vagy újabb verzió,Windows 10 versi 2004 atau lebih baru,Windows 10 versione 2004 o successiva,Windows 10 バージョン 2004 以降,Windows 10 버전 2004 이상,Windows 10 versjon 2004 eller nyere,Windows 10 w wersji 2004 lub nowszej,Windows 10 versão 2004 ou posterior,Windows 10 versiunea 2004 sau o versiune ulterioară,Windows 10 версии 2004 или новее,Windows 10 versión 2004 o posterior,Toleo la Windows 10 2004 au la baadaye,Windows 10 version 2004 eller senare,Windows 10 เวอร์ชัน 2004 หรือใหม่กว่า,Windows 10 sürüm 2004 veya üzeri,Windows 10 версії 2004 або новішої,Windows 10 phiên bản 2004 trở lên
RequirementsMinimum2,36,Text,Windows 11,Windows 11,ويندوز 11,Windows 11,Windows 11,Windows 11,Windows 11,Windows 11,Windows 11,Windows 11,Windows 11,Windows 11,विंडोज 11,Windows 11,Windows 11,Windows 11,Windows 11,윈도우 11,Windows 11,Windows 11,Windows 11,Windows 11,Windows 11,Windows 11,Windows 11,Windows 11,วินโดวส์ 11,Windows 11,Windows 11,Windows 11
RequirementsMinimum3,37,Text,x64 or ARM64 processor,x64 or ARM64 processor,معالج x64 أو ARM64,x64 或 ARM64 处理器,procesor x64 nebo ARM64,x64 eller ARM64 processor,x64- of ARM64-processor,x64 tai ARM64 prosessori,Processeur x64 ou ARM64,x64- oder ARM64-Prozessor,Επεξεργαστής x64 ή ARM64,מעבד x64 או ARM64,x64 या ARM64 प्रोसेसर,x64 vagy ARM64 processzor,prosesor x64 atau ARM64,Processore x64 o ARM64,x64 または ARM64 プロセッサ,x64 또는 ARM64 프로세서,x64- eller ARM64-prosessor,Procesor x64 lub ARM64,Processador x64 ou ARM64,procesor x64 sau ARM64,процессор x64 или ARM64,Procesador x64 o ARM64,kichakataji cha x64 au ARM64,x64 eller ARM64 processor,โปรเซสเซอร์ x64 หรือ ARM64,x64 veya ARM64 işlemci,процесор x64 або ARM64,bộ xử lý x64 hoặc ARM64
RequirementsMinimum4,38,Text,Approximately 1 MB of disk space,Approximately 1 MB of disk space,حوالي 1 ميغابايت من مساحة القرص,大约 1 MB 磁盘空间,Přibližně 1 MB místa na disku,Cirka 1 MB diskplads,Ongeveer 1 MB schijfruimte,Noin 1 Mt levytilaa,Environ 1 Mo d'espace disque,Ungefähr 1 MB Speicherplatz,Περίπου 1 MB χώρου στο δίσκο,כ-1 MB של שטח דיסק,लगभग 1 एमबी डिस्क स्थान,Körülbelül 1 MB lemezterület,Sekitar 1 MB ruang disk,Circa 1 MB di spazio su disco,約1MBのディスク容量,약 1MB의 디스크 공간,Omtrent 1 MB diskplass,Około 1 MB miejsca na dysku,Aproximadamente 1 MB de espaço em disco,Aproximativ 1 MB de spațiu pe disc,Примерно 1 МБ дискового пространства,Aproximadamente 1 MB de espacio en disco,Takriban MB 1 ya nafasi ya diski,Cirka 1 MB diskutrymme,เนื้อที่ดิสก์ประมาณ 1 MB,Yaklaşık 1 MB disk alanı,Приблизно 1 Мб дискового простору,Khoảng 1 MB dung lượng ổ đĩa
RequirementsMinimum5,39,Text,,,,,,,,,,,,,,,,,,,,,,,,,,,,,,
RequirementsMinimum6,40,Text,,,,,,,,,,,,,,,,,,,,,,,,,,,,,,
RequirementsMinimum7,41,Text,,,,,,,,,,,,,,,,,,,,,,,,,,,,,,
RequirementsMinimum8,42,Text,,,,,,,,,,,,,,,,,,,,,,,,,,,,,,
RequirementsMinimum9,43,Text,,,,,,,,,,,,,,,,,,,,,,,,,,,,,,
RequirementsMinimum10,44,Text,,,,,,,,,,,,,,,,,,,,,,,,,,,,,,
RequirementsMinimum11,45,Text,,,,,,,,,,,,,,,,,,,,,,,,,,,,,,
RequirementsRecommended1,46,Text,At least one local folder containing files,At least one local folder containing files,مجلد محلي واحد على الأقل يحتوي على ملفات,至少一个包含文件的本地文件夹,Alespoň jedna místní složka obsahující soubory,"Mindst én lokal mappe, der indeholder filer",Ten minste één lokale map met bestanden,"Vähintään yksi paikallinen kansio, joka sisältää tiedostoja",Au moins un dossier local contenant des fichiers,Mindestens ein lokaler Ordner mit Dateien,Τουλάχιστον ένας τοπικός φάκελος που περιέχει αρχεία,לפחות תיקיה מקומית אחת המכילה קבצים,कम से कम एक स्थानीय फ़ोल्डर जिसमें फ़ाइलें हों,"Legalább egy helyi mappa, amely fájlokat tartalmaz",Setidaknya satu folder lokal yang berisi file,Almeno una cartella locale contenente file,ファイルを含む少なくとも 1 つのローカル フォルダー,파일이 포함된 하나 이상의 로컬 폴더,Minst én lokal mappe som inneholder filer,Co najmniej jeden folder lokalny zawierający pliki,Pelo menos uma pasta local contendo arquivos,Cel puțin un folder local care conține fișiere,"По крайней мере одна локальная папка, содержащая файлы",Al menos una carpeta local que contenga archivos,Angalau folda moja ya ndani iliyo na faili,Minst en lokal mapp som innehåller filer,โฟลเดอร์ในเครื่องอย่างน้อยหนึ่งโฟลเดอร์ที่มีไฟล์,Dosyaları içeren en az bir yerel klasör,Принаймні одна локальна папка з файлами,Ít nhất một thư mục cục bộ chứa tệp
RequirementsRecommended2,47,Text,Windows taskbar visible for normal use,Windows taskbar visible for normal use,شريط مهام Windows مرئي للاستخدام العادي,Windows 任务栏正常使用时可见,Hlavní panel Windows viditelný pro běžné použití,Windows proceslinje synlig til normal brug,Windows-taakbalk zichtbaar voor normaal gebruik,Windowsin tehtäväpalkki näkyy normaalissa käytössä,Barre des tâches Windows visible pour une utilisation normale,Die Windows-Taskleiste ist bei normaler Verwendung sichtbar,Η γραμμή εργασιών των Windows είναι ορατή για κανονική χρήση,שורת המשימות של Windows גלויה לשימוש רגיל,विंडोज़ टास्कबार सामान्य उपयोग के लिए दृश्यमान है,Normál használathoz látható Windows tálca,Bilah tugas Windows terlihat untuk penggunaan normal,Barra delle applicazioni di Windows visibile per l'uso normale,通常の使用では Windows タスクバーが表示される,일반적인 사용을 위해 표시되는 Windows 작업 표시줄,Windows-oppgavelinjen er synlig for normal bruk,Pasek zadań systemu Windows widoczny podczas normalnego użytkowania,Barra de tarefas do Windows visível para uso normal,Bara de activități Windows vizibilă pentru utilizare normală,Панель задач Windows видна для обычного использования,Barra de tareas de Windows visible para uso normal,Upau wa kazi wa Windows unaonekana kwa matumizi ya kawaida,Windows aktivitetsfält synligt för normal användning,ทาสก์บาร์ของ Windows มองเห็นได้สำหรับการใช้งานปกติ,Normal kullanım için Windows görev çubuğu görünür,Панель завдань Windows видима для звичайного використання,Thanh tác vụ Windows hiển thị để sử dụng bình thường
RequirementsRecommended3,48,Text,,,,,,,,,,,,,,,,,,,,,,,,,,,,,,
RequirementsRecommended4,49,Text,,,,,,,,,,,,,,,,,,,,,,,,,,,,,,
RequirementsRecommended5,50,Text,,,,,,,,,,,,,,,,,,,,,,,,,,,,,,
RequirementsRecommended6,51,Text,,,,,,,,,,,,,,,,,,,,,,,,,,,,,,
RequirementsRecommended7,52,Text,,,,,,,,,,,,,,,,,,,,,,,,,,,,,,
RequirementsRecommended8,53,Text,,,,,,,,,,,,,,,,,,,,,,,,,,,,,,
RequirementsRecommended9,54,Text,,,,,,,,,,,,,,,,,,,,,,,,,,,,,,
RequirementsRecommended10,55,Text,,,,,,,,,,,,,,,,,,,,,,,,,,,,,,
RequirementsRecommended11,56,Text,,,,,,,,,,,,,,,,,,,,,,,,,,,,,,
StoreLogos1,57,Provide the file name only if it is in the same folder. Provide relative path to image starting with the subfolder name otherwise,store-logo-1x1.png,store-logo-1x1.png,store-logo-1x1.png,store-logo-1x1.png,store-logo-1x1.png,store-logo-1x1.png,store-logo-1x1.png,store-logo-1x1.png,store-logo-1x1.png,store-logo-1x1.png,store-logo-1x1.png,store-logo-1x1.png,store-logo-1x1.png,store-logo-1x1.png,store-logo-1x1.png,store-logo-1x1.png,store-logo-1x1.png,store-logo-1x1.png,store-logo-1x1.png,store-logo-1x1.png,store-logo-1x1.png,store-logo-1x1.png,store-logo-1x1.png,store-logo-1x1.png,store-logo-1x1.png,store-logo-1x1.png,store-logo-1x1.png,store-logo-1x1.png,store-logo-1x1.png,store-logo-1x1.png
StoreLogos2,58,Provide the file name only if it is in the same folder. Provide relative path to image starting with the subfolder name otherwise,,,,,,,,,,,,,,,,,,,,,,,,,,,,,,
Screenshots1,59,Provide the file name only if it is in the same folder. Provide relative path to image starting with the subfolder name otherwise,screenshot-1.png,screenshot-1.png,screenshot-1.png,screenshot-1.png,screenshot-1.png,screenshot-1.png,screenshot-1.png,screenshot-1.png,screenshot-1.png,screenshot-1.png,screenshot-1.png,screenshot-1.png,screenshot-1.png,screenshot-1.png,screenshot-1.png,screenshot-1.png,screenshot-1.png,screenshot-1.png,screenshot-1.png,screenshot-1.png,screenshot-1.png,screenshot-1.png,screenshot-1.png,screenshot-1.png,screenshot-1.png,screenshot-1.png,screenshot-1.png,screenshot-1.png,screenshot-1.png,screenshot-1.png
Screenshots2,60,Provide the file name only if it is in the same folder. Provide relative path to image starting with the subfolder name otherwise,,,,,,,,,,,,,,,,,,,,,,,,,,,,,,
Screenshots3,61,Provide the file name only if it is in the same folder. Provide relative path to image starting with the subfolder name otherwise,,,,,,,,,,,,,,,,,,,,,,,,,,,,,,
Screenshots4,62,Provide the file name only if it is in the same folder. Provide relative path to image starting with the subfolder name otherwise,,,,,,,,,,,,,,,,,,,,,,,,,,,,,,
Screenshots5,63,Provide the file name only if it is in the same folder. Provide relative path to image starting with the subfolder name otherwise,,,,,,,,,,,,,,,,,,,,,,,,,,,,,,
Screenshots6,64,Provide the file name only if it is in the same folder. Provide relative path to image starting with the subfolder name otherwise,,,,,,,,,,,,,,,,,,,,,,,,,,,,,,
Screenshots7,65,Provide the file name only if it is in the same folder. Provide relative path to image starting with the subfolder name otherwise,,,,,,,,,,,,,,,,,,,,,,,,,,,,,,
Screenshots8,66,Provide the file name only if it is in the same folder. Provide relative path to image starting with the subfolder name otherwise,,,,,,,,,,,,,,,,,,,,,,,,,,,,,,
Screenshots9,67,Provide the file name only if it is in the same folder. Provide relative path to image starting with the subfolder name otherwise,,,,,,,,,,,,,,,,,,,,,,,,,,,,,,
Screenshots10,68,Provide the file name only if it is in the same folder. Provide relative path to image starting with the subfolder name otherwise,,,,,,,,,,,,,,,,,,,,,,,,,,,,,,
HeroArts,69,Text,,,,,,,,,,,,,,,,,,,,,,,,,,,,,,
Trailers,70,Text,,,,,,,,,,,,,,,,,,,,,,,,,,,,,,
